path,sha256,bytes,git_blob_exact
experiments/__init__.py,9f84c17dbe1b57c00af9e4513daa7069e7090f5cc08de0bb940e1314993715d4,48,True
experiments/mid360_formal_batch1/__init__.py,2c18a601dcd5bc00d2ae372832a602b4a236496e81db8bf51b1a3dc9839a0d01,75,True
experiments/mid360_formal_batch1/locked_analysis/__init__.py,de5f534191fa0c32fb8ff0e22e237ff46071582e07ff050fe0b02ca5c1557b7a,73,True
experiments/mid360_formal_batch1/locked_analysis/contract_v1.py,760642086f721e049c460270c140ea35cb52d4308a77adcc609f733253000d0f,6774,True
experiments/mid360_formal_batch1/locked_analysis/authoritative_outcomes_v1.py,6bfc9e9b90323736a93163dd9c558c8c80c5b922c45a6b39ab9ddb2091b7faf8,3398,True
experiments/mid360_formal_batch1/locked_analysis/descriptive_summary_v1.py,65f948e87a523f17e7762db5ed25fd066e83ddffa16413d0e7934a29e8617b8a,6385,True
experiments/mid360_formal_batch1/locked_analysis/exact_scene_permutation_v1.py,e488c4dfba538190bf525ec45a1c1dd3d1938f5c16fff47ef27f81fbf600af85,3361,True
experiments/mid360_formal_batch1/locked_analysis/cross_backend_v1.py,83062c86013b134389a7bfd00b074e80caa946c522ee33a5ab454376eed1274e,6738,True
experiments/mid360_formal_batch1/locked_analysis/reassociation_v1.py,701b07ff44ffa733a355f847a3e575852d6955af774e16858c3f7bca1de74737,7873,True
experiments/mid360_formal_batch1/locked_analysis/systematic_component_v1.py,424d1db0cf1f83205250d383dc1294638bfc5b8c99369bc605e91d66614f42b9,4193,True
experiments/mid360_formal_batch1/locked_analysis/formal_firewall_v1.py,0678e4c4365725033671b118b1f917548a8089d27bfff09f87fd18dc59369357,7268,True
experiments/mid360_formal_batch1/locked_analysis/lock_v1.py,a3db0eec584b354d343836525d995fa99d7426c8f4138727aa1ab62ab7a081bf,10439,True
experiments/mid360_formal_batch1/locked_analysis/lock_verify_v1.py,2adc821bd9472cb8eab89d9a8189fa94c04c8c9cf2ecb854627a2f96596b690a,13950,True
experiments/mid360_formal_batch1/locked_analysis/output_schema_v1.json,707e2d5f7030c090a30ebb5cfb74f07373e04a223ac1beae94e53bc502eec23e,4222,True
experiments/mid360_formal_batch1/locked_analysis/locked_analysis_v1.py,4c8569710b200a087c0fa441eb590754ed934047b70eccbe0401da82f4b8cc21,29769,True
tools/mid360_formal_batch1/run_zero_perturbation_locked_analysis_v1.py,88ead68cfe8fb04966f70091073cd5fa849e7bdfdb874e4a6f00938b856443a7,6016,True
tools/mid360_formal_batch1/issue_zero_perturbation_locked_analysis_lock_v1.py,b166d12008e0b67dd554d312fd9958fb4d0f82cf6853e2b1aa258d2b29250f3d,1408,True
tools/mid360_formal_batch1/verify_zero_perturbation_locked_analysis_lock_v1.py,8ea11fe0262850c27643ac375ee46ef00eb66a36a29926d5ec8a89a04eb6ccc4,932,True
