scene_id,scene_class,snapshot_id,backend,perturbation_magnitude_m,perturbation_sign,weak_run_id,strong_run_id,weak_final_translation_error_m,strong_final_translation_error_m,weak_minus_strong_final_translation_error_m,weak_strong_error_ratio,weak_pose_recovered,strong_pose_recovered,PILOT_ONLY,PILOT_NONFORMAL_DO_NOT_CITE,FORMAL_MEASUREMENT_RESULT,MEASUREMENT_EVIDENCE,NO_OBVIOUS_MOTION,ACCELERATION_UNIT_UNKNOWN,POINT_COORDINATE_UNIT_STATUS
R_TEST_01,Rich,R_TEST_01_Q01,open3d,0.01,-1,CP-R_TEST_01_Q01-W-10MM-NEG-O3D,CP-R_TEST_01_Q01-S-10MM-NEG-O3D,0.0006344434913999496,0.0006344434698917165,2.150823312854766e-11,1.000000033900945,true,true,true,true,false,false,true,true,ASSUMED_METERS_FROM_SCALE
R_TEST_01,Rich,R_TEST_01_Q01,open3d,0.01,1,CP-R_TEST_01_Q01-W-10MM-POS-O3D,CP-R_TEST_01_Q01-S-10MM-POS-O3D,0.0006344434902980461,0.0006312690973506394,3.1743929474067033e-06,1.005028589171764,true,true,true,true,false,false,true,true,ASSUMED_METERS_FROM_SCALE
R_TEST_01,Rich,R_TEST_01_Q01,open3d,0.03,-1,CP-R_TEST_01_Q01-W-30MM-NEG-O3D,CP-R_TEST_01_Q01-S-30MM-NEG-O3D,0.0006344525540490374,0.0006344434698920171,9.084157020361472e-09,1.0000143183080155,true,true,true,true,false,false,true,true,ASSUMED_METERS_FROM_SCALE
R_TEST_01,Rich,R_TEST_01_Q01,open3d,0.03,1,CP-R_TEST_01_Q01-W-30MM-POS-O3D,CP-R_TEST_01_Q01-S-30MM-POS-O3D,0.0006318338583155154,0.0006318338357955281,2.2519987285564425e-11,1.0000000356422623,true,true,true,true,false,false,true,true,ASSUMED_METERS_FROM_SCALE
R_TEST_01,Rich,R_TEST_01_Q01,open3d,0.05,-1,CP-R_TEST_01_Q01-W-50MM-NEG-O3D,CP-R_TEST_01_Q01-S-50MM-NEG-O3D,0.0006344434886371826,0.000634443469891481,1.874570160556588e-11,1.0000000295466853,true,true,true,true,false,false,true,true,ASSUMED_METERS_FROM_SCALE
R_TEST_01,Rich,R_TEST_01_Q01,open3d,0.05,1,CP-R_TEST_01_Q01-W-50MM-POS-O3D,CP-R_TEST_01_Q01-S-50MM-POS-O3D,0.0006344434914964639,0.0006318338357962688,2.609655700195083e-06,1.0041302879845082,true,true,true,true,false,false,true,true,ASSUMED_METERS_FROM_SCALE
R_TEST_01,Rich,R_TEST_01_Q01,pcl,0.01,-1,CP-R_TEST_01_Q01-W-10MM-NEG-PCL,CP-R_TEST_01_Q01-S-10MM-NEG-PCL,0.0006482177848836682,0.0006503488349969756,-2.131050113307327e-06,0.996723219911177,true,true,true,true,false,false,true,true,ASSUMED_METERS_FROM_SCALE
R_TEST_01,Rich,R_TEST_01_Q01,pcl,0.01,1,CP-R_TEST_01_Q01-W-10MM-POS-PCL,CP-R_TEST_01_Q01-S-10MM-POS-PCL,0.0006481441710455106,0.0006505892161042244,-2.445045058713821e-06,0.9962417989751583,true,true,true,true,false,false,true,true,ASSUMED_METERS_FROM_SCALE
R_TEST_01,Rich,R_TEST_01_Q01,pcl,0.03,-1,CP-R_TEST_01_Q01-W-30MM-NEG-PCL,CP-R_TEST_01_Q01-S-30MM-NEG-PCL,0.0006529698888901728,0.0006484129681593485,4.556920730824335e-06,1.00702780628179,true,true,true,true,false,false,true,true,ASSUMED_METERS_FROM_SCALE
R_TEST_01,Rich,R_TEST_01_Q01,pcl,0.03,1,CP-R_TEST_01_Q01-W-30MM-POS-PCL,CP-R_TEST_01_Q01-S-30MM-POS-PCL,0.000645541108631744,0.0006525129493153146,-6.9718406835705396e-06,0.9893153987351728,true,true,true,true,false,false,true,true,ASSUMED_METERS_FROM_SCALE
R_TEST_01,Rich,R_TEST_01_Q01,pcl,0.05,-1,CP-R_TEST_01_Q01-W-50MM-NEG-PCL,CP-R_TEST_01_Q01-S-50MM-NEG-PCL,0.0006502480194770377,0.0006482745706192849,1.973448857752781e-06,1.0030441558981213,true,true,true,true,false,false,true,true,ASSUMED_METERS_FROM_SCALE
R_TEST_01,Rich,R_TEST_01_Q01,pcl,0.05,1,CP-R_TEST_01_Q01-W-50MM-POS-PCL,CP-R_TEST_01_Q01-S-50MM-POS-PCL,0.0006483472638300837,0.0006482188883588601,1.283754712236209e-07,1.0001980433978848,true,true,true,true,false,false,true,true,ASSUMED_METERS_FROM_SCALE
R_TEST_01,Rich,R_TEST_01_Q02,open3d,0.01,-1,CP-R_TEST_01_Q02-W-10MM-NEG-O3D,CP-R_TEST_01_Q02-S-10MM-NEG-O3D,0.000622434927048611,0.0006223800675493194,5.4859499291600236e-08,1.0000881446918883,true,true,true,true,false,false,true,true,ASSUMED_METERS_FROM_SCALE
R_TEST_01,Rich,R_TEST_01_Q02,open3d,0.01,1,CP-R_TEST_01_Q02-W-10MM-POS-O3D,CP-R_TEST_01_Q02-S-10MM-POS-O3D,0.0006231519000300014,0.0006218680492541058,1.2838507758956234e-06,1.0020645067348861,true,true,true,true,false,false,true,true,ASSUMED_METERS_FROM_SCALE
R_TEST_01,Rich,R_TEST_01_Q02,open3d,0.03,-1,CP-R_TEST_01_Q02-W-30MM-NEG-O3D,CP-R_TEST_01_Q02-S-30MM-NEG-O3D,0.0006218680570672986,0.0006218680492555528,7.811745824856664e-12,1.0000000125617416,true,true,true,true,false,false,true,true,ASSUMED_METERS_FROM_SCALE
R_TEST_01,Rich,R_TEST_01_Q02,open3d,0.03,1,CP-R_TEST_01_Q02-W-30MM-POS-O3D,CP-R_TEST_01_Q02-S-30MM-POS-O3D,0.0006243917361885762,0.0006218680492539599,2.5236869346163295e-06,1.0040582354048322,true,true,true,true,false,false,true,true,ASSUMED_METERS_FROM_SCALE
R_TEST_01,Rich,R_TEST_01_Q02,open3d,0.05,-1,CP-R_TEST_01_Q02-W-50MM-NEG-O3D,CP-R_TEST_01_Q02-S-50MM-NEG-O3D,0.0006244840347397533,0.0006099459204232924,1.4538114316460949e-05,1.0238350873899964,true,true,true,true,false,false,true,true,ASSUMED_METERS_FROM_SCALE
R_TEST_01,Rich,R_TEST_01_Q02,open3d,0.05,1,CP-R_TEST_01_Q02-W-50MM-POS-O3D,CP-R_TEST_01_Q02-S-50MM-POS-O3D,0.0006231518338693399,0.0006181798451090649,4.9719887602749264e-06,1.0080429486655258,true,true,true,true,false,false,true,true,ASSUMED_METERS_FROM_SCALE
R_TEST_01,Rich,R_TEST_01_Q02,pcl,0.01,-1,CP-R_TEST_01_Q02-W-10MM-NEG-PCL,CP-R_TEST_01_Q02-S-10MM-NEG-PCL,0.0006872027903063455,0.0006824611094840697,4.741680822275781e-06,1.0069479135973922,true,true,true,true,false,false,true,true,ASSUMED_METERS_FROM_SCALE
R_TEST_01,Rich,R_TEST_01_Q02,pcl,0.01,1,CP-R_TEST_01_Q02-W-10MM-POS-PCL,CP-R_TEST_01_Q02-S-10MM-POS-PCL,0.0006901421006917631,0.000688117935132834,2.0241655589290806e-06,1.0029415968623727,true,true,true,true,false,false,true,true,ASSUMED_METERS_FROM_SCALE
R_TEST_01,Rich,R_TEST_01_Q02,pcl,0.03,-1,CP-R_TEST_01_Q02-W-30MM-NEG-PCL,CP-R_TEST_01_Q02-S-30MM-NEG-PCL,0.000687160875269298,0.0006873027714372759,-1.4189616797787713e-07,0.9997935463468579,true,true,true,true,false,false,true,true,ASSUMED_METERS_FROM_SCALE
R_TEST_01,Rich,R_TEST_01_Q02,pcl,0.03,1,CP-R_TEST_01_Q02-W-30MM-POS-PCL,CP-R_TEST_01_Q02-S-30MM-POS-PCL,0.0006915211921520283,0.0006867331037362388,4.788088415789483e-06,1.006972269706731,true,true,true,true,false,false,true,true,ASSUMED_METERS_FROM_SCALE
R_TEST_01,Rich,R_TEST_01_Q02,pcl,0.05,-1,CP-R_TEST_01_Q02-W-50MM-NEG-PCL,CP-R_TEST_01_Q02-S-50MM-NEG-PCL,0.0006881854189874099,0.000687270129864169,9.152891232408521e-07,1.0013317749214878,true,true,true,true,false,false,true,true,ASSUMED_METERS_FROM_SCALE
R_TEST_01,Rich,R_TEST_01_Q02,pcl,0.05,1,CP-R_TEST_01_Q02-W-50MM-POS-PCL,CP-R_TEST_01_Q02-S-50MM-POS-PCL,0.0006916318400056346,0.0006915496960995222,8.214390611238544e-08,1.0001187823616664,true,true,true,true,false,false,true,true,ASSUMED_METERS_FROM_SCALE
R_TEST_01,Rich,R_TEST_01_Q03,open3d,0.01,-1,CP-R_TEST_01_Q03-W-10MM-NEG-O3D,CP-R_TEST_01_Q03-S-10MM-NEG-O3D,0.0005787300061623238,0.0005809426406957539,-2.2126345334301653e-06,0.9961913029300444,true,true,true,true,false,false,true,true,ASSUMED_METERS_FROM_SCALE
R_TEST_01,Rich,R_TEST_01_Q03,open3d,0.01,1,CP-R_TEST_01_Q03-W-10MM-POS-O3D,CP-R_TEST_01_Q03-S-10MM-POS-O3D,0.0006222652496033482,0.0005822455263293979,4.001972327395025e-05,1.0687334147953755,true,true,true,true,false,false,true,true,ASSUMED_METERS_FROM_SCALE
R_TEST_01,Rich,R_TEST_01_Q03,open3d,0.03,-1,CP-R_TEST_01_Q03-W-30MM-NEG-O3D,CP-R_TEST_01_Q03-S-30MM-NEG-O3D,0.0005787300061628335,0.0006222652496385651,-4.353524347573158e-05,0.9300374824063878,true,true,true,true,false,false,true,true,ASSUMED_METERS_FROM_SCALE
R_TEST_01,Rich,R_TEST_01_Q03,open3d,0.03,1,CP-R_TEST_01_Q03-W-30MM-POS-O3D,CP-R_TEST_01_Q03-S-30MM-POS-O3D,0.0006222652528367086,0.0005821465727094924,4.011868012721617e-05,1.0689150842896682,true,true,true,true,false,false,true,true,ASSUMED_METERS_FROM_SCALE
R_TEST_01,Rich,R_TEST_01_Q03,open3d,0.05,-1,CP-R_TEST_01_Q03-W-50MM-NEG-O3D,CP-R_TEST_01_Q03-S-50MM-NEG-O3D,0.0005773490903924523,0.0006222652496391095,-4.491615924665719e-05,0.9278183069475487,true,true,true,true,false,false,true,true,ASSUMED_METERS_FROM_SCALE
R_TEST_01,Rich,R_TEST_01_Q03,open3d,0.05,1,CP-R_TEST_01_Q03-W-50MM-POS-O3D,CP-R_TEST_01_Q03-S-50MM-POS-O3D,0.0006222652496379224,0.0005822455263290456,4.001972330887685e-05,1.068733414855403,true,true,true,true,false,false,true,true,ASSUMED_METERS_FROM_SCALE
R_TEST_01,Rich,R_TEST_01_Q03,pcl,0.01,-1,CP-R_TEST_01_Q03-W-10MM-NEG-PCL,CP-R_TEST_01_Q03-S-10MM-NEG-PCL,0.000748659035616286,0.0007509417120401823,-2.2826764238963225e-06,0.996960248195969,true,true,true,true,false,false,true,true,ASSUMED_METERS_FROM_SCALE
R_TEST_01,Rich,R_TEST_01_Q03,pcl,0.01,1,CP-R_TEST_01_Q03-W-10MM-POS-PCL,CP-R_TEST_01_Q03-S-10MM-POS-PCL,0.0007491208154438484,0.0007559805536504359,-6.859738206587448e-06,0.9909260388068667,true,true,true,true,false,false,true,true,ASSUMED_METERS_FROM_SCALE
R_TEST_01,Rich,R_TEST_01_Q03,pcl,0.03,-1,CP-R_TEST_01_Q03-W-30MM-NEG-PCL,CP-R_TEST_01_Q03-S-30MM-NEG-PCL,0.0007502797871905396,0.00074815193135671,2.1278558338295745e-06,1.0028441493560951,true,true,true,true,false,false,true,true,ASSUMED_METERS_FROM_SCALE
R_TEST_01,Rich,R_TEST_01_Q03,pcl,0.03,1,CP-R_TEST_01_Q03-W-30MM-POS-PCL,CP-R_TEST_01_Q03-S-30MM-POS-PCL,0.0007491701487232196,0.0007510442270477318,-1.8740783245122569e-06,0.9975047031093242,true,true,true,true,false,false,true,true,ASSUMED_METERS_FROM_SCALE
R_TEST_01,Rich,R_TEST_01_Q03,pcl,0.05,-1,CP-R_TEST_01_Q03-W-50MM-NEG-PCL,CP-R_TEST_01_Q03-S-50MM-NEG-PCL,0.0007545300725250113,0.000748897163321166,5.632909203845231e-06,1.007521605742055,true,true,true,true,false,false,true,true,ASSUMED_METERS_FROM_SCALE
R_TEST_01,Rich,R_TEST_01_Q03,pcl,0.05,1,CP-R_TEST_01_Q03-W-50MM-POS-PCL,CP-R_TEST_01_Q03-S-50MM-POS-PCL,0.0007514653739711844,0.0007515017634080028,-3.6389436818429904e-08,0.9999515777093411,true,true,true,true,false,false,true,true,ASSUMED_METERS_FROM_SCALE
R_TEST_01,Rich,R_TEST_01_Q04,open3d,0.01,-1,CP-R_TEST_01_Q04-W-10MM-NEG-O3D,CP-R_TEST_01_Q04-S-10MM-NEG-O3D,0.0004595226966813878,0.00046287742359318504,-3.354726911797257e-06,0.9927524507768051,true,true,true,true,false,false,true,true,ASSUMED_METERS_FROM_SCALE
R_TEST_01,Rich,R_TEST_01_Q04,open3d,0.01,1,CP-R_TEST_01_Q04-W-10MM-POS-O3D,CP-R_TEST_01_Q04-S-10MM-POS-O3D,0.00048604344557829,0.0004603021963826334,2.5741249195656592e-05,1.0559224991710854,true,true,true,true,false,false,true,true,ASSUMED_METERS_FROM_SCALE
R_TEST_01,Rich,R_TEST_01_Q04,open3d,0.03,-1,CP-R_TEST_01_Q04-W-30MM-NEG-O3D,CP-R_TEST_01_Q04-S-30MM-NEG-O3D,0.00045902604651933685,0.00045904799172436184,-2.1945205024985915e-08,0.9999521940942546,true,true,true,true,false,false,true,true,ASSUMED_METERS_FROM_SCALE
R_TEST_01,Rich,R_TEST_01_Q04,open3d,0.03,1,CP-R_TEST_01_Q04-W-30MM-POS-O3D,CP-R_TEST_01_Q04-S-30MM-POS-O3D,0.0004880451663532656,0.0004576269392541074,3.0418227099158156e-05,1.066469485272736,true,true,true,true,false,false,true,true,ASSUMED_METERS_FROM_SCALE
R_TEST_01,Rich,R_TEST_01_Q04,open3d,0.05,-1,CP-R_TEST_01_Q04-W-50MM-NEG-O3D,CP-R_TEST_01_Q04-S-50MM-NEG-O3D,0.0004570394172532614,0.00045904799172385573,-2.008574470594316e-06,0.9956244782532399,true,true,true,true,false,false,true,true,ASSUMED_METERS_FROM_SCALE
R_TEST_01,Rich,R_TEST_01_Q04,open3d,0.05,1,CP-R_TEST_01_Q04-W-50MM-POS-O3D,CP-R_TEST_01_Q04-S-50MM-POS-O3D,0.00048804516635888396,0.000462198834208727,2.5846332150156984e-05,1.0559203750360064,true,true,true,true,false,false,true,true,ASSUMED_METERS_FROM_SCALE
R_TEST_01,Rich,R_TEST_01_Q04,pcl,0.01,-1,CP-R_TEST_01_Q04-W-10MM-NEG-PCL,CP-R_TEST_01_Q04-S-10MM-NEG-PCL,0.00047760957170030075,0.0004755783086838702,2.0312630164305697e-06,1.004271143110063,true,true,true,true,false,false,true,true,ASSUMED_METERS_FROM_SCALE
R_TEST_01,Rich,R_TEST_01_Q04,pcl,0.01,1,CP-R_TEST_01_Q04-W-10MM-POS-PCL,CP-R_TEST_01_Q04-S-10MM-POS-PCL,0.00047761122281742214,0.00047427221116882237,3.3390116485997718e-06,1.0070402852411928,true,true,true,true,false,false,true,true,ASSUMED_METERS_FROM_SCALE
R_TEST_01,Rich,R_TEST_01_Q04,pcl,0.03,-1,CP-R_TEST_01_Q04-W-30MM-NEG-PCL,CP-R_TEST_01_Q04-S-30MM-NEG-PCL,0.0004777180151440816,0.00041774849961261664,5.996951553146495e-05,1.143554113508667,true,true,true,true,false,false,true,true,ASSUMED_METERS_FROM_SCALE
R_TEST_01,Rich,R_TEST_01_Q04,pcl,0.03,1,CP-R_TEST_01_Q04-W-30MM-POS-PCL,CP-R_TEST_01_Q04-S-30MM-POS-PCL,0.0004749541924694722,0.00047439980473371296,5.543877357592391e-07,1.0011686086929787,true,true,true,true,false,false,true,true,ASSUMED_METERS_FROM_SCALE
R_TEST_01,Rich,R_TEST_01_Q04,pcl,0.05,-1,CP-R_TEST_01_Q04-W-50MM-NEG-PCL,CP-R_TEST_01_Q04-S-50MM-NEG-PCL,0.00047763606314134456,0.0004174525557963369,6.018350734500764e-05,1.1441684965377705,true,true,true,true,false,false,true,true,ASSUMED_METERS_FROM_SCALE
R_TEST_01,Rich,R_TEST_01_Q04,pcl,0.05,1,CP-R_TEST_01_Q04-W-50MM-POS-PCL,CP-R_TEST_01_Q04-S-50MM-POS-PCL,0.00047413838890901673,0.00047746881454551745,-3.330425636500719e-06,0.9930248310778772,true,true,true,true,false,false,true,true,ASSUMED_METERS_FROM_SCALE
R_TEST_01,Rich,R_TEST_01_Q05,open3d,0.01,-1,CP-R_TEST_01_Q05-W-10MM-NEG-O3D,CP-R_TEST_01_Q05-S-10MM-NEG-O3D,0.0004850385941037274,0.0004844026044782017,6.35989625525702e-07,1.0013129360157154,true,true,true,true,false,false,true,true,ASSUMED_METERS_FROM_SCALE
R_TEST_01,Rich,R_TEST_01_Q05,open3d,0.01,1,CP-R_TEST_01_Q05-W-10MM-POS-O3D,CP-R_TEST_01_Q05-S-10MM-POS-O3D,0.0004986814165376034,0.0004995387464799923,-8.573299423888896e-07,0.9982837568688514,true,true,true,true,false,false,true,true,ASSUMED_METERS_FROM_SCALE
R_TEST_01,Rich,R_TEST_01_Q05,open3d,0.03,-1,CP-R_TEST_01_Q05-W-30MM-NEG-O3D,CP-R_TEST_01_Q05-S-30MM-NEG-O3D,0.0004556160221916484,0.00048503859409118843,-2.9422571899540017e-05,0.9393397303679127,true,true,true,true,false,false,true,true,ASSUMED_METERS_FROM_SCALE
R_TEST_01,Rich,R_TEST_01_Q05,open3d,0.03,1,CP-R_TEST_01_Q05-W-30MM-POS-O3D,CP-R_TEST_01_Q05-S-30MM-POS-O3D,0.0004981808111373331,0.0004496856491204814,4.8495162016851665e-05,1.1078423607951489,true,true,true,true,false,false,true,true,ASSUMED_METERS_FROM_SCALE
R_TEST_01,Rich,R_TEST_01_Q05,open3d,0.05,-1,CP-R_TEST_01_Q05-W-50MM-NEG-O3D,CP-R_TEST_01_Q05-S-50MM-NEG-O3D,0.00045561602218283646,0.00048440260475395057,-2.8786582571114117e-05,0.940573022752972,true,true,true,true,false,false,true,true,ASSUMED_METERS_FROM_SCALE
R_TEST_01,Rich,R_TEST_01_Q05,open3d,0.05,1,CP-R_TEST_01_Q05-W-50MM-POS-O3D,CP-R_TEST_01_Q05-S-50MM-POS-O3D,0.0004995387464796001,0.00044968564236181794,4.98531041177822e-05,1.1108621210495981,true,true,true,true,false,false,true,true,ASSUMED_METERS_FROM_SCALE
R_TEST_01,Rich,R_TEST_01_Q05,pcl,0.01,-1,CP-R_TEST_01_Q05-W-10MM-NEG-PCL,CP-R_TEST_01_Q05-S-10MM-NEG-PCL,0.0005127991716615851,0.0005089498559858048,3.849315675780326e-06,1.0075632513311639,true,true,true,true,false,false,true,true,ASSUMED_METERS_FROM_SCALE
R_TEST_01,Rich,R_TEST_01_Q05,pcl,0.01,1,CP-R_TEST_01_Q05-W-10MM-POS-PCL,CP-R_TEST_01_Q05-S-10MM-POS-PCL,0.0005396079787579002,0.0005439548467403004,-4.346867982400163e-06,0.9920087705653343,true,true,true,true,false,false,true,true,ASSUMED_METERS_FROM_SCALE
R_TEST_01,Rich,R_TEST_01_Q05,pcl,0.03,-1,CP-R_TEST_01_Q05-W-30MM-NEG-PCL,CP-R_TEST_01_Q05-S-30MM-NEG-PCL,0.0005454937760878175,0.000513391171144233,3.210260494358448e-05,1.0625304967205318,true,true,true,true,false,false,true,true,ASSUMED_METERS_FROM_SCALE
R_TEST_01,Rich,R_TEST_01_Q05,pcl,0.03,1,CP-R_TEST_01_Q05-W-30MM-POS-PCL,CP-R_TEST_01_Q05-S-30MM-POS-PCL,0.0005395651600432881,0.0005548099582794111,-1.5244798236123012e-05,0.9725224862880967,true,true,true,true,false,false,true,true,ASSUMED_METERS_FROM_SCALE
R_TEST_01,Rich,R_TEST_01_Q05,pcl,0.05,-1,CP-R_TEST_01_Q05-W-50MM-NEG-PCL,CP-R_TEST_01_Q05-S-50MM-NEG-PCL,0.0005449042188972903,0.0005087089470229912,3.619527187429905e-05,1.0711512390063451,true,true,true,true,false,false,true,true,ASSUMED_METERS_FROM_SCALE
R_TEST_01,Rich,R_TEST_01_Q05,pcl,0.05,1,CP-R_TEST_01_Q05-W-50MM-POS-PCL,CP-R_TEST_01_Q05-S-50MM-POS-PCL,0.0005310751690991,0.0005544426661426175,-2.3367497043517505e-05,0.9578540785721084,true,true,true,true,false,false,true,true,ASSUMED_METERS_FROM_SCALE
R_TEST_01,Rich,R_TEST_01_Q06,open3d,0.01,-1,CP-R_TEST_01_Q06-W-10MM-NEG-O3D,CP-R_TEST_01_Q06-S-10MM-NEG-O3D,0.00025292431244965715,0.00025292431157318004,8.764771135434668e-13,1.000000003465373,true,true,true,true,false,false,true,true,ASSUMED_METERS_FROM_SCALE
R_TEST_01,Rich,R_TEST_01_Q06,open3d,0.01,1,CP-R_TEST_01_Q06-W-10MM-POS-O3D,CP-R_TEST_01_Q06-S-10MM-POS-O3D,0.0002555765442399678,0.000255576544237983,1.9847947070605887e-15,1.000000000007766,true,true,true,true,false,false,true,true,ASSUMED_METERS_FROM_SCALE
R_TEST_01,Rich,R_TEST_01_Q06,open3d,0.03,-1,CP-R_TEST_01_Q06-W-30MM-NEG-O3D,CP-R_TEST_01_Q06-S-30MM-NEG-O3D,0.00025292431244929476,0.0002532316886382364,-3.073761889416603e-07,0.9987861859209067,true,true,true,true,false,false,true,true,ASSUMED_METERS_FROM_SCALE
R_TEST_01,Rich,R_TEST_01_Q06,open3d,0.03,1,CP-R_TEST_01_Q06-W-30MM-POS-O3D,CP-R_TEST_01_Q06-S-30MM-POS-O3D,0.0002596722012814879,0.0002555765421667107,4.09565911477721e-06,1.016025176176402,true,true,true,true,false,false,true,true,ASSUMED_METERS_FROM_SCALE
R_TEST_01,Rich,R_TEST_01_Q06,open3d,0.05,-1,CP-R_TEST_01_Q06-W-50MM-NEG-O3D,CP-R_TEST_01_Q06-S-50MM-NEG-O3D,0.0002529243115735042,0.00025701266806226207,-4.0883564887578576e-06,0.9840927821979287,true,true,true,true,false,false,true,true,ASSUMED_METERS_FROM_SCALE
R_TEST_01,Rich,R_TEST_01_Q06,open3d,0.05,1,CP-R_TEST_01_Q06-W-50MM-POS-O3D,CP-R_TEST_01_Q06-S-50MM-POS-O3D,0.00025557654424023635,0.00025292431244943353,2.6522317908028205e-06,1.0104862666823817,true,true,true,true,false,false,true,true,ASSUMED_METERS_FROM_SCALE
R_TEST_01,Rich,R_TEST_01_Q06,pcl,0.01,-1,CP-R_TEST_01_Q06-W-10MM-NEG-PCL,CP-R_TEST_01_Q06-S-10MM-NEG-PCL,0.0003248361266097379,0.00032295392346792123,1.8822031418166615e-06,1.0058280856959572,true,true,true,true,false,false,true,true,ASSUMED_METERS_FROM_SCALE
R_TEST_01,Rich,R_TEST_01_Q06,pcl,0.01,1,CP-R_TEST_01_Q06-W-10MM-POS-PCL,CP-R_TEST_01_Q06-S-10MM-POS-PCL,0.00032191507218461385,0.00032348155172025735,-1.5664795356434987e-06,0.9951574377972622,true,true,true,true,false,false,true,true,ASSUMED_METERS_FROM_SCALE
R_TEST_01,Rich,R_TEST_01_Q06,pcl,0.03,-1,CP-R_TEST_01_Q06-W-30MM-NEG-PCL,CP-R_TEST_01_Q06-S-30MM-NEG-PCL,0.0003098778296140913,0.00032315805329133265,-1.3280223677241342e-05,0.958904865461394,true,true,true,true,false,false,true,true,ASSUMED_METERS_FROM_SCALE
R_TEST_01,Rich,R_TEST_01_Q06,pcl,0.03,1,CP-R_TEST_01_Q06-W-30MM-POS-PCL,CP-R_TEST_01_Q06-S-30MM-POS-PCL,0.00032369123403970133,0.0003227991661682406,8.920678714607346e-07,1.0027635383388687,true,true,true,true,false,false,true,true,ASSUMED_METERS_FROM_SCALE
R_TEST_01,Rich,R_TEST_01_Q06,pcl,0.05,-1,CP-R_TEST_01_Q06-W-50MM-NEG-PCL,CP-R_TEST_01_Q06-S-50MM-NEG-PCL,0.000324775036451226,0.000308098063721022,1.667697273020403e-05,1.054128781365224,true,true,true,true,false,false,true,true,ASSUMED_METERS_FROM_SCALE
R_TEST_01,Rich,R_TEST_01_Q06,pcl,0.05,1,CP-R_TEST_01_Q06-W-50MM-POS-PCL,CP-R_TEST_01_Q06-S-50MM-POS-PCL,0.0003239622562932174,0.00032054493623079,3.4173200624273785e-06,1.0106609703544558,true,true,true,true,false,false,true,true,ASSUMED_METERS_FROM_SCALE
R_TEST_01,Rich,R_TEST_01_Q07,open3d,0.01,-1,CP-R_TEST_01_Q07-W-10MM-NEG-O3D,CP-R_TEST_01_Q07-S-10MM-NEG-O3D,0.000492130685591399,0.0004921306882039333,-2.612534320822757e-12,0.999999994691381,true,true,true,true,false,false,true,true,ASSUMED_METERS_FROM_SCALE
R_TEST_01,Rich,R_TEST_01_Q07,open3d,0.01,1,CP-R_TEST_01_Q07-W-10MM-POS-O3D,CP-R_TEST_01_Q07-S-10MM-POS-O3D,0.0004921306865952093,0.0004921306856383283,9.568810587640142e-13,1.0000000019443638,true,true,true,true,false,false,true,true,ASSUMED_METERS_FROM_SCALE
R_TEST_01,Rich,R_TEST_01_Q07,open3d,0.03,-1,CP-R_TEST_01_Q07-W-30MM-NEG-O3D,CP-R_TEST_01_Q07-S-30MM-NEG-O3D,0.0004921306856154662,0.0004921306865879293,-9.724631039667586e-13,0.9999999980239739,true,true,true,true,false,false,true,true,ASSUMED_METERS_FROM_SCALE
R_TEST_01,Rich,R_TEST_01_Q07,open3d,0.03,1,CP-R_TEST_01_Q07-W-30MM-POS-O3D,CP-R_TEST_01_Q07-S-30MM-POS-O3D,0.0004921305844459532,0.000492130536865077,4.7580876196516575e-11,1.000000096683446,true,true,true,true,false,false,true,true,ASSUMED_METERS_FROM_SCALE
R_TEST_01,Rich,R_TEST_01_Q07,open3d,0.05,-1,CP-R_TEST_01_Q07-W-50MM-NEG-O3D,CP-R_TEST_01_Q07-S-50MM-NEG-O3D,0.0004921306855022625,0.0004921306929896745,-7.487411949128053e-12,0.9999999847857245,true,true,true,true,false,false,true,true,ASSUMED_METERS_FROM_SCALE
R_TEST_01,Rich,R_TEST_01_Q07,open3d,0.05,1,CP-R_TEST_01_Q07-W-50MM-POS-O3D,CP-R_TEST_01_Q07-S-50MM-POS-O3D,0.0004914474290814851,0.0004921306903605384,-6.832612790533179e-07,0.9986116263577206,true,true,true,true,false,false,true,true,ASSUMED_METERS_FROM_SCALE
R_TEST_01,Rich,R_TEST_01_Q07,pcl,0.01,-1,CP-R_TEST_01_Q07-W-10MM-NEG-PCL,CP-R_TEST_01_Q07-S-10MM-NEG-PCL,0.0004780710101588745,0.00047505410949486926,3.016900664005236e-06,1.006350646386815,true,true,true,true,false,false,true,true,ASSUMED_METERS_FROM_SCALE
R_TEST_01,Rich,R_TEST_01_Q07,pcl,0.01,1,CP-R_TEST_01_Q07-W-10MM-POS-PCL,CP-R_TEST_01_Q07-S-10MM-POS-PCL,0.00047535397115142016,0.00047795584658040155,-2.6018754289813925e-06,0.9945562431182778,true,true,true,true,false,false,true,true,ASSUMED_METERS_FROM_SCALE
R_TEST_01,Rich,R_TEST_01_Q07,pcl,0.03,-1,CP-R_TEST_01_Q07-W-30MM-NEG-PCL,CP-R_TEST_01_Q07-S-30MM-NEG-PCL,0.0004776454544628723,0.00047643194749555536,1.2135069673169393e-06,1.0025470730367598,true,true,true,true,false,false,true,true,ASSUMED_METERS_FROM_SCALE
R_TEST_01,Rich,R_TEST_01_Q07,pcl,0.03,1,CP-R_TEST_01_Q07-W-30MM-POS-PCL,CP-R_TEST_01_Q07-S-30MM-POS-PCL,0.00047735286265839855,0.00047733846410047995,1.4398557918605514e-08,1.0000301642524152,true,true,true,true,false,false,true,true,ASSUMED_METERS_FROM_SCALE
R_TEST_01,Rich,R_TEST_01_Q07,pcl,0.05,-1,CP-R_TEST_01_Q07-W-50MM-NEG-PCL,CP-R_TEST_01_Q07-S-50MM-NEG-PCL,0.0004515312220748976,0.000475607332728415,-2.4076110653517373e-05,0.949378176077732,true,true,true,true,false,false,true,true,ASSUMED_METERS_FROM_SCALE
R_TEST_01,Rich,R_TEST_01_Q07,pcl,0.05,1,CP-R_TEST_01_Q07-W-50MM-POS-PCL,CP-R_TEST_01_Q07-S-50MM-POS-PCL,0.0004766420951744,0.00047771613867295045,-1.0740434985504616e-06,0.9977517119234572,true,true,true,true,false,false,true,true,ASSUMED_METERS_FROM_SCALE
R_TEST_01,Rich,R_TEST_01_Q08,open3d,0.01,-1,CP-R_TEST_01_Q08-W-10MM-NEG-O3D,CP-R_TEST_01_Q08-S-10MM-NEG-O3D,0.0007095040659304052,0.0006956743358248981,1.3829730105507118e-05,1.0198796037072555,true,true,true,true,false,false,true,true,ASSUMED_METERS_FROM_SCALE
R_TEST_01,Rich,R_TEST_01_Q08,open3d,0.01,1,CP-R_TEST_01_Q08-W-10MM-POS-O3D,CP-R_TEST_01_Q08-S-10MM-POS-O3D,0.000709504065930367,0.0007045728834403913,4.931182489975724e-06,1.0069988252540987,true,true,true,true,false,false,true,true,ASSUMED_METERS_FROM_SCALE
R_TEST_01,Rich,R_TEST_01_Q08,open3d,0.03,-1,CP-R_TEST_01_Q08-W-30MM-NEG-O3D,CP-R_TEST_01_Q08-S-30MM-NEG-O3D,0.0006927206411850576,0.0006927206412056944,-2.063681257130634e-14,0.999999999970209,true,true,true,true,false,false,true,true,ASSUMED_METERS_FROM_SCALE
R_TEST_01,Rich,R_TEST_01_Q08,open3d,0.03,1,CP-R_TEST_01_Q08-W-30MM-POS-O3D,CP-R_TEST_01_Q08-S-30MM-POS-O3D,0.0007095040659297263,0.0007095040806730005,-1.4743274201305112e-11,0.9999999792203109,true,true,true,true,false,false,true,true,ASSUMED_METERS_FROM_SCALE
R_TEST_01,Rich,R_TEST_01_Q08,open3d,0.05,-1,CP-R_TEST_01_Q08-W-50MM-NEG-O3D,CP-R_TEST_01_Q08-S-50MM-NEG-O3D,0.0006927206412064316,0.0006927206411856743,2.075726743266948e-14,1.000000000029965,true,true,true,true,false,false,true,true,ASSUMED_METERS_FROM_SCALE
R_TEST_01,Rich,R_TEST_01_Q08,open3d,0.05,1,CP-R_TEST_01_Q08-W-50MM-POS-O3D,CP-R_TEST_01_Q08-S-50MM-POS-O3D,0.0007095040807492628,0.0007095040807488643,3.984442983884229e-16,1.0000000000005616,true,true,true,true,false,false,true,true,ASSUMED_METERS_FROM_SCALE
R_TEST_01,Rich,R_TEST_01_Q08,pcl,0.01,-1,CP-R_TEST_01_Q08-W-10MM-NEG-PCL,CP-R_TEST_01_Q08-S-10MM-NEG-PCL,0.0007383833815050483,0.0007376708398705964,7.12541634451851e-07,1.0009659343923325,true,true,true,true,false,false,true,true,ASSUMED_METERS_FROM_SCALE
R_TEST_01,Rich,R_TEST_01_Q08,pcl,0.01,1,CP-R_TEST_01_Q08-W-10MM-POS-PCL,CP-R_TEST_01_Q08-S-10MM-POS-PCL,0.0007370740449999448,0.000737639113842735,-5.65068842790198e-07,0.9992339494582297,true,true,true,true,false,false,true,true,ASSUMED_METERS_FROM_SCALE
R_TEST_01,Rich,R_TEST_01_Q08,pcl,0.03,-1,CP-R_TEST_01_Q08-W-30MM-NEG-PCL,CP-R_TEST_01_Q08-S-30MM-NEG-PCL,0.0007400617466749523,0.0007393965791751454,6.651674998069471e-07,1.000899608570747,true,true,true,true,false,false,true,true,ASSUMED_METERS_FROM_SCALE
R_TEST_01,Rich,R_TEST_01_Q08,pcl,0.03,1,CP-R_TEST_01_Q08-W-30MM-POS-PCL,CP-R_TEST_01_Q08-S-30MM-POS-PCL,0.0007375929376362224,0.0007384824984937075,-8.895608574851404e-07,0.9987954205288553,true,true,true,true,false,false,true,true,ASSUMED_METERS_FROM_SCALE
R_TEST_01,Rich,R_TEST_01_Q08,pcl,0.05,-1,CP-R_TEST_01_Q08-W-50MM-NEG-PCL,CP-R_TEST_01_Q08-S-50MM-NEG-PCL,0.0007397648371709278,0.0007402035946560308,-4.387574851030286e-07,0.9994072475623319,true,true,true,true,false,false,true,true,ASSUMED_METERS_FROM_SCALE
R_TEST_01,Rich,R_TEST_01_Q08,pcl,0.05,1,CP-R_TEST_01_Q08-W-50MM-POS-PCL,CP-R_TEST_01_Q08-S-50MM-POS-PCL,0.0007375662032595926,0.0007358766210348905,1.6895822247020749e-06,1.0022960129135858,true,true,true,true,false,false,true,true,ASSUMED_METERS_FROM_SCALE
R_TEST_01,Rich,R_TEST_01_Q09,open3d,0.01,-1,CP-R_TEST_01_Q09-W-10MM-NEG-O3D,CP-R_TEST_01_Q09-S-10MM-NEG-O3D,0.00044256800983111683,0.00044142366772725167,1.1443421038651621e-06,1.0025923895511923,true,true,true,true,false,false,true,true,ASSUMED_METERS_FROM_SCALE
R_TEST_01,Rich,R_TEST_01_Q09,open3d,0.01,1,CP-R_TEST_01_Q09-W-10MM-POS-O3D,CP-R_TEST_01_Q09-S-10MM-POS-O3D,0.00044649474361361916,0.0004464947436058964,7.722772074614248e-15,1.0000000000172964,true,true,true,true,false,false,true,true,ASSUMED_METERS_FROM_SCALE
R_TEST_01,Rich,R_TEST_01_Q09,open3d,0.03,-1,CP-R_TEST_01_Q09-W-30MM-NEG-O3D,CP-R_TEST_01_Q09-S-30MM-NEG-O3D,0.00043988190769026246,0.00043209632815120936,7.785579539053094e-06,1.0180181571372404,true,true,true,true,false,false,true,true,ASSUMED_METERS_FROM_SCALE
R_TEST_01,Rich,R_TEST_01_Q09,open3d,0.03,1,CP-R_TEST_01_Q09-W-30MM-POS-O3D,CP-R_TEST_01_Q09-S-30MM-POS-O3D,0.00044665235801561663,0.00044684929621144803,-1.9693819583140384e-07,0.9995592737920791,true,true,true,true,false,false,true,true,ASSUMED_METERS_FROM_SCALE
R_TEST_01,Rich,R_TEST_01_Q09,open3d,0.05,-1,CP-R_TEST_01_Q09-W-50MM-NEG-O3D,CP-R_TEST_01_Q09-S-50MM-NEG-O3D,0.0004398819076938115,0.0004408729941909408,-9.910864971293286e-07,0.9977519909130562,true,true,true,true,false,false,true,true,ASSUMED_METERS_FROM_SCALE
R_TEST_01,Rich,R_TEST_01_Q09,open3d,0.05,1,CP-R_TEST_01_Q09-W-50MM-POS-O3D,CP-R_TEST_01_Q09-S-50MM-POS-O3D,0.000446849254853032,0.00043988188506853375,6.967369784498245e-06,1.0158391832466862,true,true,true,true,false,false,true,true,ASSUMED_METERS_FROM_SCALE
R_TEST_01,Rich,R_TEST_01_Q09,pcl,0.01,-1,CP-R_TEST_01_Q09-W-10MM-NEG-PCL,CP-R_TEST_01_Q09-S-10MM-NEG-PCL,0.00036096116057517016,0.000361018126799228,-5.696622405786328e-08,0.9998422067485561,true,true,true,true,false,false,true,true,ASSUMED_METERS_FROM_SCALE
R_TEST_01,Rich,R_TEST_01_Q09,pcl,0.01,1,CP-R_TEST_01_Q09-W-10MM-POS-PCL,CP-R_TEST_01_Q09-S-10MM-POS-PCL,0.0003611061631758574,0.0003671778600162903,-6.071696840432867e-06,0.9834638808555519,true,true,true,true,false,false,true,true,ASSUMED_METERS_FROM_SCALE
R_TEST_01,Rich,R_TEST_01_Q09,pcl,0.03,-1,CP-R_TEST_01_Q09-W-30MM-NEG-PCL,CP-R_TEST_01_Q09-S-30MM-NEG-PCL,0.0003497697758261959,0.00036105226432175806,-1.1282488495562135e-05,0.9687510933721564,true,true,true,true,false,false,true,true,ASSUMED_METERS_FROM_SCALE
R_TEST_01,Rich,R_TEST_01_Q09,pcl,0.03,1,CP-R_TEST_01_Q09-W-30MM-POS-PCL,CP-R_TEST_01_Q09-S-30MM-POS-PCL,0.00036124040019482246,0.000361038116237832,2.022839569904445e-07,1.000560284213474,true,true,true,true,false,false,true,true,ASSUMED_METERS_FROM_SCALE
R_TEST_01,Rich,R_TEST_01_Q09,pcl,0.05,-1,CP-R_TEST_01_Q09-W-50MM-NEG-PCL,CP-R_TEST_01_Q09-S-50MM-NEG-PCL,0.0003455227801234706,0.00036102088212660395,-1.5498102003133336e-05,0.957071452731927,true,true,true,true,false,false,true,true,ASSUMED_METERS_FROM_SCALE
R_TEST_01,Rich,R_TEST_01_Q09,pcl,0.05,1,CP-R_TEST_01_Q09-W-50MM-POS-PCL,CP-R_TEST_01_Q09-S-50MM-POS-PCL,0.00036111316718049334,0.0003610031755683506,1.099916121427482e-07,1.0003046832260398,true,true,true,true,false,false,true,true,ASSUMED_METERS_FROM_SCALE
R_TEST_01,Rich,R_TEST_01_Q10,open3d,0.01,-1,CP-R_TEST_01_Q10-W-10MM-NEG-O3D,CP-R_TEST_01_Q10-S-10MM-NEG-O3D,0.0008860870622376903,0.0008907147303528289,-4.6276681151386206e-06,0.9948045452068526,true,true,true,true,false,false,true,true,ASSUMED_METERS_FROM_SCALE
R_TEST_01,Rich,R_TEST_01_Q10,open3d,0.01,1,CP-R_TEST_01_Q10-W-10MM-POS-O3D,CP-R_TEST_01_Q10-S-10MM-POS-O3D,0.0009002529294919834,0.0008853173407001116,1.4935588791871804e-05,1.0168703222056632,true,true,true,true,false,false,true,true,ASSUMED_METERS_FROM_SCALE
R_TEST_01,Rich,R_TEST_01_Q10,open3d,0.03,-1,CP-R_TEST_01_Q10-W-30MM-NEG-O3D,CP-R_TEST_01_Q10-S-30MM-NEG-O3D,0.0008860870622240395,0.0008910647572294083,-4.97769500536877e-06,0.9944137673889764,true,true,true,true,false,false,true,true,ASSUMED_METERS_FROM_SCALE
R_TEST_01,Rich,R_TEST_01_Q10,open3d,0.03,1,CP-R_TEST_01_Q10-W-30MM-POS-O3D,CP-R_TEST_01_Q10-S-30MM-POS-O3D,0.0009002529294736099,0.0009002529294918215,-1.8211669151890764e-14,0.9999999999797705,true,true,true,true,false,false,true,true,ASSUMED_METERS_FROM_SCALE
R_TEST_01,Rich,R_TEST_01_Q10,open3d,0.05,-1,CP-R_TEST_01_Q10-W-50MM-NEG-O3D,CP-R_TEST_01_Q10-S-50MM-NEG-O3D,0.0008865408946063511,0.0008907147303527635,-4.173835746412399e-06,0.9953140600416933,true,true,true,true,false,false,true,true,ASSUMED_METERS_FROM_SCALE
R_TEST_01,Rich,R_TEST_01_Q10,open3d,0.05,1,CP-R_TEST_01_Q10-W-50MM-POS-O3D,CP-R_TEST_01_Q10-S-50MM-POS-O3D,0.0009017669713847498,0.0009026974710001685,-9.304996154187043e-07,0.9989692010387625,true,true,true,true,false,false,true,true,ASSUMED_METERS_FROM_SCALE
R_TEST_01,Rich,R_TEST_01_Q10,pcl,0.01,-1,CP-R_TEST_01_Q10-W-10MM-NEG-PCL,CP-R_TEST_01_Q10-S-10MM-NEG-PCL,0.000895823821188391,0.0008963019827176454,-4.781615292544271e-07,0.9994665173808892,true,true,true,true,false,false,true,true,ASSUMED_METERS_FROM_SCALE
R_TEST_01,Rich,R_TEST_01_Q10,pcl,0.01,1,CP-R_TEST_01_Q10-W-10MM-POS-PCL,CP-R_TEST_01_Q10-S-10MM-POS-PCL,0.0009123473219893058,0.0009071091101721587,5.238211817147013e-06,1.0057746215514833,true,true,true,true,false,false,true,true,ASSUMED_METERS_FROM_SCALE
R_TEST_01,Rich,R_TEST_01_Q10,pcl,0.03,-1,CP-R_TEST_01_Q10-W-30MM-NEG-PCL,CP-R_TEST_01_Q10-S-30MM-NEG-PCL,0.0008967683537140265,0.000897063671934069,-2.953182200424219e-07,0.9996707945831697,true,true,true,true,false,false,true,true,ASSUMED_METERS_FROM_SCALE
R_TEST_01,Rich,R_TEST_01_Q10,pcl,0.03,1,CP-R_TEST_01_Q10-W-30MM-POS-PCL,CP-R_TEST_01_Q10-S-30MM-POS-PCL,0.0009123812033875027,0.0009176299335696161,-5.248730182113464e-06,0.994280123184631,true,true,true,true,false,false,true,true,ASSUMED_METERS_FROM_SCALE
R_TEST_01,Rich,R_TEST_01_Q10,pcl,0.05,-1,CP-R_TEST_01_Q10-W-50MM-NEG-PCL,CP-R_TEST_01_Q10-S-50MM-NEG-PCL,0.0008957119145519469,0.0008952060567436131,5.058578083337335e-07,1.000565074157534,true,true,true,true,false,false,true,true,ASSUMED_METERS_FROM_SCALE
R_TEST_01,Rich,R_TEST_01_Q10,pcl,0.05,1,CP-R_TEST_01_Q10-W-50MM-POS-PCL,CP-R_TEST_01_Q10-S-50MM-POS-PCL,0.0009178098967273203,0.000912716564383252,5.093332344068349e-06,1.0055804096724268,true,true,true,true,false,false,true,true,ASSUMED_METERS_FROM_SCALE
W_TEST_01,Weak,W_TEST_01_Q01,open3d,0.01,-1,CP-W_TEST_01_Q01-W-10MM-NEG-O3D,CP-W_TEST_01_Q01-S-10MM-NEG-O3D,0.0006981321014021489,0.0006985547865535364,-4.2268515138747884e-07,0.999394914816241,true,true,true,true,false,false,true,true,ASSUMED_METERS_FROM_SCALE
W_TEST_01,Weak,W_TEST_01_Q01,open3d,0.01,1,CP-W_TEST_01_Q01-W-10MM-POS-O3D,CP-W_TEST_01_Q01-S-10MM-POS-O3D,0.0007115253395202652,0.0007109968772707334,5.284622495318027e-07,1.0007432694382012,true,true,true,true,false,false,true,true,ASSUMED_METERS_FROM_SCALE
W_TEST_01,Weak,W_TEST_01_Q01,open3d,0.03,-1,CP-W_TEST_01_Q01-W-30MM-NEG-O3D,CP-W_TEST_01_Q01-S-30MM-NEG-O3D,0.0006981321159044024,0.0007114729921680666,-1.33408762636642e-05,0.9812489350818354,true,true,true,true,false,false,true,true,ASSUMED_METERS_FROM_SCALE
W_TEST_01,Weak,W_TEST_01_Q01,open3d,0.03,1,CP-W_TEST_01_Q01-W-30MM-POS-O3D,CP-W_TEST_01_Q01-S-30MM-POS-O3D,0.0007069756775472136,0.0007108599502278211,-3.884272680607483e-06,0.9945358116189235,true,true,true,true,false,false,true,true,ASSUMED_METERS_FROM_SCALE
W_TEST_01,Weak,W_TEST_01_Q01,open3d,0.05,-1,CP-W_TEST_01_Q01-W-50MM-NEG-O3D,CP-W_TEST_01_Q01-S-50MM-NEG-O3D,0.0006981321428314089,0.0006985547945649425,-4.2265173353359976e-07,0.9993949626617382,true,true,true,true,false,false,true,true,ASSUMED_METERS_FROM_SCALE
W_TEST_01,Weak,W_TEST_01_Q01,open3d,0.05,1,CP-W_TEST_01_Q01-W-50MM-POS-O3D,CP-W_TEST_01_Q01-S-50MM-POS-O3D,0.0007073342586112597,0.0007108599359758435,-3.5256773645837933e-06,0.995040264352859,true,true,true,true,false,false,true,true,ASSUMED_METERS_FROM_SCALE
W_TEST_01,Weak,W_TEST_01_Q01,pcl,0.01,-1,CP-W_TEST_01_Q01-W-10MM-NEG-PCL,CP-W_TEST_01_Q01-S-10MM-NEG-PCL,0.0007119109227642359,0.00071217232674084,-2.614039766041113e-07,0.9996329484216265,true,true,true,true,false,false,true,true,ASSUMED_METERS_FROM_SCALE
W_TEST_01,Weak,W_TEST_01_Q01,pcl,0.01,1,CP-W_TEST_01_Q01-W-10MM-POS-PCL,CP-W_TEST_01_Q01-S-10MM-POS-PCL,0.0007096576154018505,0.0007121558590762043,-2.498243674353782e-06,0.9964919987071448,true,true,true,true,false,false,true,true,ASSUMED_METERS_FROM_SCALE
W_TEST_01,Weak,W_TEST_01_Q01,pcl,0.03,-1,CP-W_TEST_01_Q01-W-30MM-NEG-PCL,CP-W_TEST_01_Q01-S-30MM-NEG-PCL,0.0007121729446769741,0.0007120377261877933,1.3521848918080642e-07,1.0001899035461292,true,true,true,true,false,false,true,true,ASSUMED_METERS_FROM_SCALE
W_TEST_01,Weak,W_TEST_01_Q01,pcl,0.03,1,CP-W_TEST_01_Q01-W-30MM-POS-PCL,CP-W_TEST_01_Q01-S-30MM-POS-PCL,0.0007093920372683221,0.0007122036507368665,-2.8116134685444343e-06,0.99605223384402,true,true,true,true,false,false,true,true,ASSUMED_METERS_FROM_SCALE
W_TEST_01,Weak,W_TEST_01_Q01,pcl,0.05,-1,CP-W_TEST_01_Q01-W-50MM-NEG-PCL,CP-W_TEST_01_Q01-S-50MM-NEG-PCL,0.0007125558624408078,0.0007125408239236811,1.5038517126681958e-08,1.000021105481429,true,true,true,true,false,false,true,true,ASSUMED_METERS_FROM_SCALE
W_TEST_01,Weak,W_TEST_01_Q01,pcl,0.05,1,CP-W_TEST_01_Q01-W-50MM-POS-PCL,CP-W_TEST_01_Q01-S-50MM-POS-PCL,0.0007097115146369088,0.0007121867650362457,-2.475250399336837e-06,0.9965244363966651,true,true,true,true,false,false,true,true,ASSUMED_METERS_FROM_SCALE
W_TEST_01,Weak,W_TEST_01_Q02,open3d,0.01,-1,CP-W_TEST_01_Q02-W-10MM-NEG-O3D,CP-W_TEST_01_Q02-S-10MM-NEG-O3D,0.00045132921428539763,0.0004513292142862912,-8.935452204539285e-16,0.9999999999980201,true,true,true,true,false,false,true,true,ASSUMED_METERS_FROM_SCALE
W_TEST_01,Weak,W_TEST_01_Q02,open3d,0.01,1,CP-W_TEST_01_Q02-W-10MM-POS-O3D,CP-W_TEST_01_Q02-S-10MM-POS-O3D,0.00045241046024287543,0.0004513292142860458,1.0812459568296088e-06,1.0023956923740025,true,true,true,true,false,false,true,true,ASSUMED_METERS_FROM_SCALE
W_TEST_01,Weak,W_TEST_01_Q02,open3d,0.03,-1,CP-W_TEST_01_Q02-W-30MM-NEG-O3D,CP-W_TEST_01_Q02-S-30MM-NEG-O3D,0.0004513292142857555,0.00045132923152150893,-1.7235753406105725e-11,0.9999999618111298,true,true,true,true,false,false,true,true,ASSUMED_METERS_FROM_SCALE
W_TEST_01,Weak,W_TEST_01_Q02,open3d,0.03,1,CP-W_TEST_01_Q02-W-30MM-POS-O3D,CP-W_TEST_01_Q02-S-30MM-POS-O3D,0.0004513292229049428,0.0004524104602411378,-1.0812373361949665e-06,0.9976100523059996,true,true,true,true,false,false,true,true,ASSUMED_METERS_FROM_SCALE
W_TEST_01,Weak,W_TEST_01_Q02,open3d,0.05,-1,CP-W_TEST_01_Q02-W-50MM-NEG-O3D,CP-W_TEST_01_Q02-S-50MM-NEG-O3D,0.00045132921428625973,0.00045132921428605476,2.0496842070838461e-16,1.000000000000454,true,true,true,true,false,false,true,true,ASSUMED_METERS_FROM_SCALE
W_TEST_01,Weak,W_TEST_01_Q02,open3d,0.05,1,CP-W_TEST_01_Q02-W-50MM-POS-O3D,CP-W_TEST_01_Q02-S-50MM-POS-O3D,0.00045241046024133575,0.00045241046024031134,1.0244084226729289e-15,1.0000000000022644,true,true,true,true,false,false,true,true,ASSUMED_METERS_FROM_SCALE
W_TEST_01,Weak,W_TEST_01_Q02,pcl,0.01,-1,CP-W_TEST_01_Q02-W-10MM-NEG-PCL,CP-W_TEST_01_Q02-S-10MM-NEG-PCL,0.0006270231810877813,0.0006316637055342098,-4.640524446428542e-06,0.9926534888647687,true,true,true,true,false,false,true,true,ASSUMED_METERS_FROM_SCALE
W_TEST_01,Weak,W_TEST_01_Q02,pcl,0.01,1,CP-W_TEST_01_Q02-W-10MM-POS-PCL,CP-W_TEST_01_Q02-S-10MM-POS-PCL,0.0006442065614770256,0.0006453246710523356,-1.1181095753100192e-06,0.9982673689299888,true,true,true,true,false,false,true,true,ASSUMED_METERS_FROM_SCALE
W_TEST_01,Weak,W_TEST_01_Q02,pcl,0.03,-1,CP-W_TEST_01_Q02-W-30MM-NEG-PCL,CP-W_TEST_01_Q02-S-30MM-NEG-PCL,0.0006275622238329394,0.0006457402896984377,-1.8178065865498264e-05,0.9718492617612764,true,true,true,true,false,false,true,true,ASSUMED_METERS_FROM_SCALE
W_TEST_01,Weak,W_TEST_01_Q02,pcl,0.03,1,CP-W_TEST_01_Q02-W-30MM-POS-PCL,CP-W_TEST_01_Q02-S-30MM-POS-PCL,0.0006450758158783954,0.0006316873431687875,1.3388472709607922e-05,1.0211947775341614,true,true,true,true,false,false,true,true,ASSUMED_METERS_FROM_SCALE
W_TEST_01,Weak,W_TEST_01_Q02,pcl,0.05,-1,CP-W_TEST_01_Q02-W-50MM-NEG-PCL,CP-W_TEST_01_Q02-S-50MM-NEG-PCL,0.0006268970870636794,0.0006317351741809651,-4.8380871172857805e-06,0.9923415897752436,true,true,true,true,false,false,true,true,ASSUMED_METERS_FROM_SCALE
W_TEST_01,Weak,W_TEST_01_Q02,pcl,0.05,1,CP-W_TEST_01_Q02-W-50MM-POS-PCL,CP-W_TEST_01_Q02-S-50MM-POS-PCL,0.00064501412721229,0.0006317718333729792,1.3242293839310854e-05,1.0209605638298422,true,true,true,true,false,false,true,true,ASSUMED_METERS_FROM_SCALE
W_TEST_01,Weak,W_TEST_01_Q03,open3d,0.01,-1,CP-W_TEST_01_Q03-W-10MM-NEG-O3D,CP-W_TEST_01_Q03-S-10MM-NEG-O3D,0.00023930422171713675,0.0002393042259317363,-4.214599535253688e-12,0.9999999823881107,true,true,true,true,false,false,true,true,ASSUMED_METERS_FROM_SCALE
W_TEST_01,Weak,W_TEST_01_Q03,open3d,0.01,1,CP-W_TEST_01_Q03-W-10MM-POS-O3D,CP-W_TEST_01_Q03-S-10MM-POS-O3D,0.00023954862640671338,0.00024313648508408526,-3.5878586773718736e-06,0.9852434377500725,true,true,true,true,false,false,true,true,ASSUMED_METERS_FROM_SCALE
W_TEST_01,Weak,W_TEST_01_Q03,open3d,0.03,-1,CP-W_TEST_01_Q03-W-30MM-NEG-O3D,CP-W_TEST_01_Q03-S-30MM-NEG-O3D,0.00023954865909714512,0.00023930422593223597,2.4443316490915367e-07,1.001021432713764,true,true,true,true,false,false,true,true,ASSUMED_METERS_FROM_SCALE
W_TEST_01,Weak,W_TEST_01_Q03,open3d,0.03,1,CP-W_TEST_01_Q03-W-30MM-POS-O3D,CP-W_TEST_01_Q03-S-30MM-POS-O3D,0.0002393042169966052,0.00023954865909824635,-2.4444210164115045e-07,0.9989795722398893,true,true,true,true,false,false,true,true,ASSUMED_METERS_FROM_SCALE
W_TEST_01,Weak,W_TEST_01_Q03,open3d,0.05,-1,CP-W_TEST_01_Q03-W-50MM-NEG-O3D,CP-W_TEST_01_Q03-S-50MM-NEG-O3D,0.00023930451065069992,0.00023930422593285272,2.847178471991358e-10,1.0000011897735868,true,true,true,true,false,false,true,true,ASSUMED_METERS_FROM_SCALE
W_TEST_01,Weak,W_TEST_01_Q03,open3d,0.05,1,CP-W_TEST_01_Q03-W-50MM-POS-O3D,CP-W_TEST_01_Q03-S-50MM-POS-O3D,0.00023954862474314555,0.0002393042217187668,2.4440302437875555e-07,1.0010213067810645,true,true,true,true,false,false,true,true,ASSUMED_METERS_FROM_SCALE
W_TEST_01,Weak,W_TEST_01_Q03,pcl,0.01,-1,CP-W_TEST_01_Q03-W-10MM-NEG-PCL,CP-W_TEST_01_Q03-S-10MM-NEG-PCL,0.00022033555752032808,0.0002201047595497262,2.3079797060188427e-07,1.0010485823708404,true,true,true,true,false,false,true,true,ASSUMED_METERS_FROM_SCALE
W_TEST_01,Weak,W_TEST_01_Q03,pcl,0.01,1,CP-W_TEST_01_Q03-W-10MM-POS-PCL,CP-W_TEST_01_Q03-S-10MM-POS-PCL,0.0002599844278532691,0.00022526633323110298,3.47180946221661e-05,1.1541202101716126,true,true,true,true,false,false,true,true,ASSUMED_METERS_FROM_SCALE
W_TEST_01,Weak,W_TEST_01_Q03,pcl,0.03,-1,CP-W_TEST_01_Q03-W-30MM-NEG-PCL,CP-W_TEST_01_Q03-S-30MM-NEG-PCL,0.00022036902132312007,0.00022026553511433108,1.034862087889916e-07,1.0004698247900439,true,true,true,true,false,false,true,true,ASSUMED_METERS_FROM_SCALE
W_TEST_01,Weak,W_TEST_01_Q03,pcl,0.03,1,CP-W_TEST_01_Q03-W-30MM-POS-PCL,CP-W_TEST_01_Q03-S-30MM-POS-PCL,0.00025919558775364733,0.00022007515351723375,3.912043423641358e-05,1.1777594317722473,true,true,true,true,false,false,true,true,ASSUMED_METERS_FROM_SCALE
W_TEST_01,Weak,W_TEST_01_Q03,pcl,0.05,-1,CP-W_TEST_01_Q03-W-50MM-NEG-PCL,CP-W_TEST_01_Q03-S-50MM-NEG-PCL,0.00021892865897402535,0.00026006322726441746,-4.113456829039211e-05,0.8418285863669267,true,true,true,true,false,false,true,true,ASSUMED_METERS_FROM_SCALE
W_TEST_01,Weak,W_TEST_01_Q03,pcl,0.05,1,CP-W_TEST_01_Q03-W-50MM-POS-PCL,CP-W_TEST_01_Q03-S-50MM-POS-PCL,0.00026012623323819184,0.00022500009429861405,3.5126138939577795e-05,1.1561161076357565,true,true,true,true,false,false,true,true,ASSUMED_METERS_FROM_SCALE
W_TEST_01,Weak,W_TEST_01_Q04,open3d,0.01,-1,CP-W_TEST_01_Q04-W-10MM-NEG-O3D,CP-W_TEST_01_Q04-S-10MM-NEG-O3D,0.0004880326075692365,0.00051457944543235,-2.6546837863113484e-05,0.9484106135626758,true,true,true,true,false,false,true,true,ASSUMED_METERS_FROM_SCALE
W_TEST_01,Weak,W_TEST_01_Q04,open3d,0.01,1,CP-W_TEST_01_Q04-W-10MM-POS-O3D,CP-W_TEST_01_Q04-S-10MM-POS-O3D,0.00048790904896546327,0.0004875647136390694,3.4433532639387187e-07,1.0007062351248184,true,true,true,true,false,false,true,true,ASSUMED_METERS_FROM_SCALE
W_TEST_01,Weak,W_TEST_01_Q04,open3d,0.03,-1,CP-W_TEST_01_Q04-W-30MM-NEG-O3D,CP-W_TEST_01_Q04-S-30MM-NEG-O3D,0.00048803260756813594,0.00048790904896378677,1.2355860434917678e-07,1.0002532410591924,true,true,true,true,false,false,true,true,ASSUMED_METERS_FROM_SCALE
W_TEST_01,Weak,W_TEST_01_Q04,open3d,0.03,1,CP-W_TEST_01_Q04-W-30MM-POS-O3D,CP-W_TEST_01_Q04-S-30MM-POS-O3D,0.00048790904896551276,0.0004890943060484814,-1.1852570829686384e-06,0.9975766287435553,true,true,true,true,false,false,true,true,ASSUMED_METERS_FROM_SCALE
W_TEST_01,Weak,W_TEST_01_Q04,open3d,0.05,-1,CP-W_TEST_01_Q04-W-50MM-NEG-O3D,CP-W_TEST_01_Q04-S-50MM-NEG-O3D,0.0004875647131385419,0.0005145794454371314,-2.701473229858956e-05,0.9475013381546152,true,true,true,true,false,false,true,true,ASSUMED_METERS_FROM_SCALE
W_TEST_01,Weak,W_TEST_01_Q04,open3d,0.05,1,CP-W_TEST_01_Q04-W-50MM-POS-O3D,CP-W_TEST_01_Q04-S-50MM-POS-O3D,0.0005119961589073353,0.0004890943060479371,2.2901852859398206e-05,1.0468250244916029,true,true,true,true,false,false,true,true,ASSUMED_METERS_FROM_SCALE
W_TEST_01,Weak,W_TEST_01_Q04,pcl,0.01,-1,CP-W_TEST_01_Q04-W-10MM-NEG-PCL,CP-W_TEST_01_Q04-S-10MM-NEG-PCL,0.0006770527282532436,0.0006773207529527308,-2.680246994872385e-07,0.9996042868931465,true,true,true,true,false,false,true,true,ASSUMED_METERS_FROM_SCALE
W_TEST_01,Weak,W_TEST_01_Q04,pcl,0.01,1,CP-W_TEST_01_Q04-W-10MM-POS-PCL,CP-W_TEST_01_Q04-S-10MM-POS-PCL,0.0006970303614088965,0.0006969786638112786,5.169759761784482e-08,1.0000741738596919,true,true,true,true,false,false,true,true,ASSUMED_METERS_FROM_SCALE
W_TEST_01,Weak,W_TEST_01_Q04,pcl,0.03,-1,CP-W_TEST_01_Q04-W-30MM-NEG-PCL,CP-W_TEST_01_Q04-S-30MM-NEG-PCL,0.0006770560702124605,0.0006974780964016845,-2.042202618922394e-05,0.9707201899320108,true,true,true,true,false,false,true,true,ASSUMED_METERS_FROM_SCALE
W_TEST_01,Weak,W_TEST_01_Q04,pcl,0.03,1,CP-W_TEST_01_Q04-W-30MM-POS-PCL,CP-W_TEST_01_Q04-S-30MM-POS-PCL,0.0006971071835760381,0.0006770528483890631,2.0054335186975e-05,1.0296200440404186,true,true,true,true,false,false,true,true,ASSUMED_METERS_FROM_SCALE
W_TEST_01,Weak,W_TEST_01_Q04,pcl,0.05,-1,CP-W_TEST_01_Q04-W-50MM-NEG-PCL,CP-W_TEST_01_Q04-S-50MM-NEG-PCL,0.0006769330162471747,0.0006969645913241473,-2.0031575076972586e-05,0.9712588339116123,true,true,true,true,false,false,true,true,ASSUMED_METERS_FROM_SCALE
W_TEST_01,Weak,W_TEST_01_Q04,pcl,0.05,1,CP-W_TEST_01_Q04-W-50MM-POS-PCL,CP-W_TEST_01_Q04-S-50MM-POS-PCL,0.0006931721087838399,0.0006968466678761682,-3.6745590923282665e-06,0.9947268757077831,true,true,true,true,false,false,true,true,ASSUMED_METERS_FROM_SCALE
W_TEST_01,Weak,W_TEST_01_Q05,open3d,0.01,-1,CP-W_TEST_01_Q05-W-10MM-NEG-O3D,CP-W_TEST_01_Q05-S-10MM-NEG-O3D,0.0006157643215099855,0.0006087242446524105,7.040076857575033e-06,1.0115652972908857,true,true,true,true,false,false,true,true,ASSUMED_METERS_FROM_SCALE
W_TEST_01,Weak,W_TEST_01_Q05,open3d,0.01,1,CP-W_TEST_01_Q05-W-10MM-POS-O3D,CP-W_TEST_01_Q05-S-10MM-POS-O3D,0.00060876872287827,0.0006157643217415071,-6.995598863237086e-06,0.9886391617438112,true,true,true,true,false,false,true,true,ASSUMED_METERS_FROM_SCALE
W_TEST_01,Weak,W_TEST_01_Q05,open3d,0.03,-1,CP-W_TEST_01_Q05-W-30MM-NEG-O3D,CP-W_TEST_01_Q05-S-30MM-NEG-O3D,0.0006157643214989561,0.0006124594098322434,3.304911666712697e-06,1.0053961317495603,true,true,true,true,false,false,true,true,ASSUMED_METERS_FROM_SCALE
W_TEST_01,Weak,W_TEST_01_Q05,open3d,0.03,1,CP-W_TEST_01_Q05-W-30MM-POS-O3D,CP-W_TEST_01_Q05-S-30MM-POS-O3D,0.0006087687228131411,0.000615764321499322,-6.9955986861809085e-06,0.9886391620268817,true,true,true,true,false,false,true,true,ASSUMED_METERS_FROM_SCALE
W_TEST_01,Weak,W_TEST_01_Q05,open3d,0.05,-1,CP-W_TEST_01_Q05-W-50MM-NEG-O3D,CP-W_TEST_01_Q05-S-50MM-NEG-O3D,0.0006157643214994557,0.0006087242446536029,7.040076845852856e-06,1.0115652972716063,true,true,true,true,false,false,true,true,ASSUMED_METERS_FROM_SCALE
W_TEST_01,Weak,W_TEST_01_Q05,open3d,0.05,1,CP-W_TEST_01_Q05-W-50MM-POS-O3D,CP-W_TEST_01_Q05-S-50MM-POS-O3D,0.0006088013017953455,0.0006157643232830696,-6.963021487724056e-06,0.9886920673633716,true,true,true,true,false,false,true,true,ASSUMED_METERS_FROM_SCALE
W_TEST_01,Weak,W_TEST_01_Q05,pcl,0.01,-1,CP-W_TEST_01_Q05-W-10MM-NEG-PCL,CP-W_TEST_01_Q05-S-10MM-NEG-PCL,0.0006680708077381961,0.0006683640502597736,-2.932425215775329e-07,0.9995612532998094,true,true,true,true,false,false,true,true,ASSUMED_METERS_FROM_SCALE
W_TEST_01,Weak,W_TEST_01_Q05,pcl,0.01,1,CP-W_TEST_01_Q05-W-10MM-POS-PCL,CP-W_TEST_01_Q05-S-10MM-POS-PCL,0.0006688917343159136,0.0006678116084832278,1.0801258326858338e-06,1.0016174109868188,true,true,true,true,false,false,true,true,ASSUMED_METERS_FROM_SCALE
W_TEST_01,Weak,W_TEST_01_Q05,pcl,0.03,-1,CP-W_TEST_01_Q05-W-30MM-NEG-PCL,CP-W_TEST_01_Q05-S-30MM-NEG-PCL,0.0006678075192354123,0.0006682278835265088,-4.2036429109641987e-07,0.9993709267430176,true,true,true,true,false,false,true,true,ASSUMED_METERS_FROM_SCALE
W_TEST_01,Weak,W_TEST_01_Q05,pcl,0.03,1,CP-W_TEST_01_Q05-W-30MM-POS-PCL,CP-W_TEST_01_Q05-S-30MM-POS-PCL,0.0006689156962923977,0.0006679540204998862,9.616757925115299e-07,1.0014397335190703,true,true,true,true,false,false,true,true,ASSUMED_METERS_FROM_SCALE
W_TEST_01,Weak,W_TEST_01_Q05,pcl,0.05,-1,CP-W_TEST_01_Q05-W-50MM-NEG-PCL,CP-W_TEST_01_Q05-S-50MM-NEG-PCL,0.0006682085575697655,0.000668388357503934,-1.7979993416849215e-07,0.9997309948143921,true,true,true,true,false,false,true,true,ASSUMED_METERS_FROM_SCALE
W_TEST_01,Weak,W_TEST_01_Q05,pcl,0.05,1,CP-W_TEST_01_Q05-W-50MM-POS-PCL,CP-W_TEST_01_Q05-S-50MM-POS-PCL,0.0006679943908814587,0.0006589468704675868,9.047520413871918e-06,1.0137302729846063,true,true,true,true,false,false,true,true,ASSUMED_METERS_FROM_SCALE
W_TEST_01,Weak,W_TEST_01_Q06,open3d,0.01,-1,CP-W_TEST_01_Q06-W-10MM-NEG-O3D,CP-W_TEST_01_Q06-S-10MM-NEG-O3D,0.00026581616709719973,0.00026581617066356785,-3.5663681209607834e-12,0.999999986583329,true,true,true,true,false,false,true,true,ASSUMED_METERS_FROM_SCALE
W_TEST_01,Weak,W_TEST_01_Q06,open3d,0.01,1,CP-W_TEST_01_Q06-W-10MM-POS-O3D,CP-W_TEST_01_Q06-S-10MM-POS-O3D,0.00026581617708961136,0.0002658161707344895,6.3551218324256475e-12,1.000000023907958,true,true,true,true,false,false,true,true,ASSUMED_METERS_FROM_SCALE
W_TEST_01,Weak,W_TEST_01_Q06,open3d,0.03,-1,CP-W_TEST_01_Q06-W-30MM-NEG-O3D,CP-W_TEST_01_Q06-S-30MM-NEG-O3D,0.00026581616709711787,0.0002658161670712615,2.5856378670086055e-14,1.0000000000972717,true,true,true,true,false,false,true,true,ASSUMED_METERS_FROM_SCALE
W_TEST_01,Weak,W_TEST_01_Q06,open3d,0.03,1,CP-W_TEST_01_Q06-W-30MM-POS-O3D,CP-W_TEST_01_Q06-S-30MM-POS-O3D,0.00026581617073068105,0.0002658161771205086,-6.3898275776477775e-12,0.9999999759614797,true,true,true,true,false,false,true,true,ASSUMED_METERS_FROM_SCALE
W_TEST_01,Weak,W_TEST_01_Q06,open3d,0.05,-1,CP-W_TEST_01_Q06-W-50MM-NEG-O3D,CP-W_TEST_01_Q06-S-50MM-NEG-O3D,0.0002661360566435166,0.0002658161722383462,3.198844051703902e-07,1.0012034046028002,true,true,true,true,false,false,true,true,ASSUMED_METERS_FROM_SCALE
W_TEST_01,Weak,W_TEST_01_Q06,open3d,0.05,1,CP-W_TEST_01_Q06-W-50MM-POS-O3D,CP-W_TEST_01_Q06-S-50MM-POS-O3D,0.0002658161771027053,0.0002658161771070944,-4.389067234655819e-15,0.9999999999834883,true,true,true,true,false,false,true,true,ASSUMED_METERS_FROM_SCALE
W_TEST_01,Weak,W_TEST_01_Q06,pcl,0.01,-1,CP-W_TEST_01_Q06-W-10MM-NEG-PCL,CP-W_TEST_01_Q06-S-10MM-NEG-PCL,0.00042346494741748905,0.00042347428300649,-9.335589000957455e-09,0.9999779547675607,true,true,true,true,false,false,true,true,ASSUMED_METERS_FROM_SCALE
W_TEST_01,Weak,W_TEST_01_Q06,pcl,0.01,1,CP-W_TEST_01_Q06-W-10MM-POS-PCL,CP-W_TEST_01_Q06-S-10MM-POS-PCL,0.0004236006342745147,0.0004246022282556495,-1.0015939811348256e-06,0.9976411005065857,true,true,true,true,false,false,true,true,ASSUMED_METERS_FROM_SCALE
W_TEST_01,Weak,W_TEST_01_Q06,pcl,0.03,-1,CP-W_TEST_01_Q06-W-30MM-NEG-PCL,CP-W_TEST_01_Q06-S-30MM-NEG-PCL,0.0004235357494415732,0.00042788174730281427,-4.345997861241065e-06,0.9898429930964889,true,true,true,true,false,false,true,true,ASSUMED_METERS_FROM_SCALE
W_TEST_01,Weak,W_TEST_01_Q06,pcl,0.03,1,CP-W_TEST_01_Q06-W-30MM-POS-PCL,CP-W_TEST_01_Q06-S-30MM-POS-PCL,0.0004234056402575356,0.00042792899383569484,-4.523353578159248e-06,0.9894296632307742,true,true,true,true,false,false,true,true,ASSUMED_METERS_FROM_SCALE
W_TEST_01,Weak,W_TEST_01_Q06,pcl,0.05,-1,CP-W_TEST_01_Q06-W-50MM-NEG-PCL,CP-W_TEST_01_Q06-S-50MM-NEG-PCL,0.00042337208208157194,0.00042796758968214823,-4.5955076005762966e-06,0.9892620195749183,true,true,true,true,false,false,true,true,ASSUMED_METERS_FROM_SCALE
W_TEST_01,Weak,W_TEST_01_Q06,pcl,0.05,1,CP-W_TEST_01_Q06-W-50MM-POS-PCL,CP-W_TEST_01_Q06-S-50MM-POS-PCL,0.00042350459336170157,0.00043229328404297896,-8.788690681277387e-06,0.9796696108737059,true,true,true,true,false,false,true,true,ASSUMED_METERS_FROM_SCALE
W_TEST_01,Weak,W_TEST_01_Q07,open3d,0.01,-1,CP-W_TEST_01_Q07-W-10MM-NEG-O3D,CP-W_TEST_01_Q07-S-10MM-NEG-O3D,0.000650728544386087,0.0006307593199103197,1.996922447576729e-05,1.0316590240451882,true,true,true,true,false,false,true,true,ASSUMED_METERS_FROM_SCALE
W_TEST_01,Weak,W_TEST_01_Q07,open3d,0.01,1,CP-W_TEST_01_Q07-W-10MM-POS-O3D,CP-W_TEST_01_Q07-S-10MM-POS-O3D,0.0006507214223809611,0.000650721420973859,1.4071020824207858e-12,1.0000000021623725,true,true,true,true,false,false,true,true,ASSUMED_METERS_FROM_SCALE
W_TEST_01,Weak,W_TEST_01_Q07,open3d,0.03,-1,CP-W_TEST_01_Q07-W-30MM-NEG-O3D,CP-W_TEST_01_Q07-S-30MM-NEG-O3D,0.0006507285443861061,0.0006287116400024186,2.201690438368754e-05,1.0350190818538096,true,true,true,true,false,false,true,true,ASSUMED_METERS_FROM_SCALE
W_TEST_01,Weak,W_TEST_01_Q07,open3d,0.03,1,CP-W_TEST_01_Q07-W-30MM-POS-O3D,CP-W_TEST_01_Q07-S-30MM-POS-O3D,0.0006507285443857953,0.0006507214209931231,7.123392672166856e-09,1.0000109469159035,true,true,true,true,false,false,true,true,ASSUMED_METERS_FROM_SCALE
W_TEST_01,Weak,W_TEST_01_Q07,open3d,0.05,-1,CP-W_TEST_01_Q07-W-50MM-NEG-O3D,CP-W_TEST_01_Q07-S-50MM-NEG-O3D,0.0006507285443858385,0.0006507214194114966,7.1249743419663294e-09,1.0000109493465705,true,true,true,true,false,false,true,true,ASSUMED_METERS_FROM_SCALE
W_TEST_01,Weak,W_TEST_01_Q07,open3d,0.05,1,CP-W_TEST_01_Q07-W-50MM-POS-O3D,CP-W_TEST_01_Q07-S-50MM-POS-O3D,0.0006507285399844742,0.0006507214223626949,7.1176217792887075e-09,1.0000109380474265,true,true,true,true,false,false,true,true,ASSUMED_METERS_FROM_SCALE
W_TEST_01,Weak,W_TEST_01_Q07,pcl,0.01,-1,CP-W_TEST_01_Q07-W-10MM-NEG-PCL,CP-W_TEST_01_Q07-S-10MM-NEG-PCL,0.0004985606255039646,0.0005380854399188632,-3.952481441489857e-05,0.9265454675360507,true,true,true,true,false,false,true,true,ASSUMED_METERS_FROM_SCALE
W_TEST_01,Weak,W_TEST_01_Q07,pcl,0.01,1,CP-W_TEST_01_Q07-W-10MM-POS-PCL,CP-W_TEST_01_Q07-S-10MM-POS-PCL,0.0005384061122179069,0.0005378711873004672,5.349249174396806e-07,1.0009945223504617,true,true,true,true,false,false,true,true,ASSUMED_METERS_FROM_SCALE
W_TEST_01,Weak,W_TEST_01_Q07,pcl,0.03,-1,CP-W_TEST_01_Q07-W-30MM-NEG-PCL,CP-W_TEST_01_Q07-S-30MM-NEG-PCL,0.0004989554752028536,0.0005384825246006404,-3.952704939778689e-05,0.9265954834335586,true,true,true,true,false,false,true,true,ASSUMED_METERS_FROM_SCALE
W_TEST_01,Weak,W_TEST_01_Q07,pcl,0.03,1,CP-W_TEST_01_Q07-W-30MM-POS-PCL,CP-W_TEST_01_Q07-S-30MM-POS-PCL,0.0005321394184920458,0.0005378690234498062,-5.729604957760426e-06,0.989347583318683,true,true,true,true,false,false,true,true,ASSUMED_METERS_FROM_SCALE
W_TEST_01,Weak,W_TEST_01_Q07,pcl,0.05,-1,CP-W_TEST_01_Q07-W-50MM-NEG-PCL,CP-W_TEST_01_Q07-S-50MM-NEG-PCL,0.0005048031835826409,0.0005380252114600032,-3.322202787736227e-05,0.9382519124202193,true,true,true,true,false,false,true,true,ASSUMED_METERS_FROM_SCALE
W_TEST_01,Weak,W_TEST_01_Q07,pcl,0.05,1,CP-W_TEST_01_Q07-W-50MM-POS-PCL,CP-W_TEST_01_Q07-S-50MM-POS-PCL,0.000531774828821485,0.000532281486585107,-5.066577636219424e-07,0.9990481394217325,true,true,true,true,false,false,true,true,ASSUMED_METERS_FROM_SCALE
W_TEST_01,Weak,W_TEST_01_Q08,open3d,0.01,-1,CP-W_TEST_01_Q08-W-10MM-NEG-O3D,CP-W_TEST_01_Q08-S-10MM-NEG-O3D,0.0007460281316664867,0.0007494241654779388,-3.3960338114521387e-06,0.9954684757072301,true,true,true,true,false,false,true,true,ASSUMED_METERS_FROM_SCALE
W_TEST_01,Weak,W_TEST_01_Q08,open3d,0.01,1,CP-W_TEST_01_Q08-W-10MM-POS-O3D,CP-W_TEST_01_Q08-S-10MM-POS-O3D,0.0007460281316748411,0.000750168024945939,-4.139893271097941e-06,0.9944813786599391,true,true,true,true,false,false,true,true,ASSUMED_METERS_FROM_SCALE
W_TEST_01,Weak,W_TEST_01_Q08,open3d,0.03,-1,CP-W_TEST_01_Q08-W-30MM-NEG-O3D,CP-W_TEST_01_Q08-S-30MM-NEG-O3D,0.0007501680249460825,0.000721601251149361,2.856677379672152e-05,1.0395880325196507,true,true,true,true,false,false,true,true,ASSUMED_METERS_FROM_SCALE
W_TEST_01,Weak,W_TEST_01_Q08,open3d,0.03,1,CP-W_TEST_01_Q08-W-30MM-POS-O3D,CP-W_TEST_01_Q08-S-30MM-POS-O3D,0.0007460281316745537,0.0007460281217928952,9.881658425553441e-12,1.0000000132456917,true,true,true,true,false,false,true,true,ASSUMED_METERS_FROM_SCALE
W_TEST_01,Weak,W_TEST_01_Q08,open3d,0.05,-1,CP-W_TEST_01_Q08-W-50MM-NEG-O3D,CP-W_TEST_01_Q08-S-50MM-NEG-O3D,0.0007460281316657514,0.0007494241654783428,-3.3960338125914183e-06,0.9954684757057123,true,true,true,true,false,false,true,true,ASSUMED_METERS_FROM_SCALE
W_TEST_01,Weak,W_TEST_01_Q08,open3d,0.05,1,CP-W_TEST_01_Q08-W-50MM-POS-O3D,CP-W_TEST_01_Q08-S-50MM-POS-O3D,0.0007460281316741844,0.0007505367944501813,-4.508662775996918e-06,0.9939927491772075,true,true,true,true,false,false,true,true,ASSUMED_METERS_FROM_SCALE
W_TEST_01,Weak,W_TEST_01_Q08,pcl,0.01,-1,CP-W_TEST_01_Q08-W-10MM-NEG-PCL,CP-W_TEST_01_Q08-S-10MM-NEG-PCL,0.0007275708722578748,0.0007339808593248192,-6.40998706694432e-06,0.9912668198557102,true,true,true,true,false,false,true,true,ASSUMED_METERS_FROM_SCALE
W_TEST_01,Weak,W_TEST_01_Q08,pcl,0.01,1,CP-W_TEST_01_Q08-W-10MM-POS-PCL,CP-W_TEST_01_Q08-S-10MM-POS-PCL,0.0007253906589798286,0.0007269848341409146,-1.5941751610859924e-06,0.9978071411036107,true,true,true,true,false,false,true,true,ASSUMED_METERS_FROM_SCALE
W_TEST_01,Weak,W_TEST_01_Q08,pcl,0.03,-1,CP-W_TEST_01_Q08-W-30MM-NEG-PCL,CP-W_TEST_01_Q08-S-30MM-NEG-PCL,0.0007274104928695768,0.0007341050473068935,-6.69455443731671e-06,0.9908806587532996,true,true,true,true,false,false,true,true,ASSUMED_METERS_FROM_SCALE
W_TEST_01,Weak,W_TEST_01_Q08,pcl,0.03,1,CP-W_TEST_01_Q08-W-30MM-POS-PCL,CP-W_TEST_01_Q08-S-30MM-POS-PCL,0.0007253348995770448,0.0007272692200494881,-1.9343204724432727e-06,0.9973402965241515,true,true,true,true,false,false,true,true,ASSUMED_METERS_FROM_SCALE
W_TEST_01,Weak,W_TEST_01_Q08,pcl,0.05,-1,CP-W_TEST_01_Q08-W-50MM-NEG-PCL,CP-W_TEST_01_Q08-S-50MM-NEG-PCL,0.0007271765323817826,0.0007273859207000893,-2.093883183066931e-07,0.9997121358657792,true,true,true,true,false,false,true,true,ASSUMED_METERS_FROM_SCALE
W_TEST_01,Weak,W_TEST_01_Q08,pcl,0.05,1,CP-W_TEST_01_Q08-W-50MM-POS-PCL,CP-W_TEST_01_Q08-S-50MM-POS-PCL,0.0007295768614037159,0.0007272101072235681,2.3667541801478684e-06,1.0032545672242978,true,true,true,true,false,false,true,true,ASSUMED_METERS_FROM_SCALE
W_TEST_01,Weak,W_TEST_01_Q09,open3d,0.01,-1,CP-W_TEST_01_Q09-W-10MM-NEG-O3D,CP-W_TEST_01_Q09-S-10MM-NEG-O3D,0.000821910894436693,0.0008210628126564464,8.480817802466534e-07,1.001032907308885,true,true,true,true,false,false,true,true,ASSUMED_METERS_FROM_SCALE
W_TEST_01,Weak,W_TEST_01_Q09,open3d,0.01,1,CP-W_TEST_01_Q09-W-10MM-POS-O3D,CP-W_TEST_01_Q09-S-10MM-POS-O3D,0.0008210628104019061,0.0008219108945583703,-8.480841564642572e-07,0.9989681555968182,true,true,true,true,false,false,true,true,ASSUMED_METERS_FROM_SCALE
W_TEST_01,Weak,W_TEST_01_Q09,open3d,0.03,-1,CP-W_TEST_01_Q09-W-30MM-NEG-O3D,CP-W_TEST_01_Q09-S-30MM-NEG-O3D,0.0008219108944361712,0.0007833148055991537,3.85960888370175e-05,1.0492727681911942,true,true,true,true,false,false,true,true,ASSUMED_METERS_FROM_SCALE
W_TEST_01,Weak,W_TEST_01_Q09,open3d,0.03,1,CP-W_TEST_01_Q09-W-30MM-POS-O3D,CP-W_TEST_01_Q09-S-30MM-POS-O3D,0.0008210628104367653,0.0008211013654806008,-3.855504383549341e-08,0.9999530447208391,true,true,true,true,false,false,true,true,ASSUMED_METERS_FROM_SCALE
W_TEST_01,Weak,W_TEST_01_Q09,open3d,0.05,-1,CP-W_TEST_01_Q09-W-50MM-NEG-O3D,CP-W_TEST_01_Q09-S-50MM-NEG-O3D,0.0008219108944353086,0.0008219108944358018,-4.93203568263656e-16,0.9999999999993999,true,true,true,true,false,false,true,true,ASSUMED_METERS_FROM_SCALE
W_TEST_01,Weak,W_TEST_01_Q09,open3d,0.05,1,CP-W_TEST_01_Q09-W-50MM-POS-O3D,CP-W_TEST_01_Q09-S-50MM-POS-O3D,0.0008041837807295871,0.0008219108944358613,-1.7727113706274256e-05,0.9784318302308893,true,true,true,true,false,false,true,true,ASSUMED_METERS_FROM_SCALE
W_TEST_01,Weak,W_TEST_01_Q09,pcl,0.01,-1,CP-W_TEST_01_Q09-W-10MM-NEG-PCL,CP-W_TEST_01_Q09-S-10MM-NEG-PCL,0.0007688444583366401,0.0006972443516734074,7.160010666323272e-05,1.1026901207466082,true,true,true,true,false,false,true,true,ASSUMED_METERS_FROM_SCALE
W_TEST_01,Weak,W_TEST_01_Q09,pcl,0.01,1,CP-W_TEST_01_Q09-W-10MM-POS-PCL,CP-W_TEST_01_Q09-S-10MM-POS-PCL,0.0007389770173390925,0.0007439599373891495,-4.9829200500569205e-06,0.9933021661521937,true,true,true,true,false,false,true,true,ASSUMED_METERS_FROM_SCALE
W_TEST_01,Weak,W_TEST_01_Q09,pcl,0.03,-1,CP-W_TEST_01_Q09-W-30MM-NEG-PCL,CP-W_TEST_01_Q09-S-30MM-NEG-PCL,0.0007687029619440751,0.0007390691274123967,2.96338345316784e-05,1.0400961607413253,true,true,true,true,false,false,true,true,ASSUMED_METERS_FROM_SCALE
W_TEST_01,Weak,W_TEST_01_Q09,pcl,0.03,1,CP-W_TEST_01_Q09-W-30MM-POS-PCL,CP-W_TEST_01_Q09-S-30MM-POS-PCL,0.0007388944899831946,0.0007684947515303538,-2.9600261547159216e-05,0.9614828058510299,true,true,true,true,false,false,true,true,ASSUMED_METERS_FROM_SCALE
W_TEST_01,Weak,W_TEST_01_Q09,pcl,0.05,-1,CP-W_TEST_01_Q09-W-50MM-NEG-PCL,CP-W_TEST_01_Q09-S-50MM-NEG-PCL,0.0007736021767715722,0.0007440267012491237,2.9575475522448458e-05,1.0397505566302865,true,true,true,true,false,false,true,true,ASSUMED_METERS_FROM_SCALE
W_TEST_01,Weak,W_TEST_01_Q09,pcl,0.05,1,CP-W_TEST_01_Q09-W-50MM-POS-PCL,CP-W_TEST_01_Q09-S-50MM-POS-PCL,0.0007389886713388622,0.0007685764685166536,-2.9587797177791416e-05,0.9615031185707577,true,true,true,true,false,false,true,true,ASSUMED_METERS_FROM_SCALE
W_TEST_01,Weak,W_TEST_01_Q10,open3d,0.01,-1,CP-W_TEST_01_Q10-W-10MM-NEG-O3D,CP-W_TEST_01_Q10-S-10MM-NEG-O3D,0.0005681529664483346,0.0005720942728380543,-3.941306389719729e-06,0.9931107396510584,true,true,true,true,false,false,true,true,ASSUMED_METERS_FROM_SCALE
W_TEST_01,Weak,W_TEST_01_Q10,open3d,0.01,1,CP-W_TEST_01_Q10-W-10MM-POS-O3D,CP-W_TEST_01_Q10-S-10MM-POS-O3D,0.0005800620197026658,0.0005623362848224371,1.772573488022873e-05,1.0315215918990996,true,true,true,true,false,false,true,true,ASSUMED_METERS_FROM_SCALE
W_TEST_01,Weak,W_TEST_01_Q10,open3d,0.03,-1,CP-W_TEST_01_Q10-W-30MM-NEG-O3D,CP-W_TEST_01_Q10-S-30MM-NEG-O3D,0.0005718346476314418,0.0005448051405607463,2.7029507070695465e-05,1.0496131645213096,true,true,true,true,false,false,true,true,ASSUMED_METERS_FROM_SCALE
W_TEST_01,Weak,W_TEST_01_Q10,open3d,0.03,1,CP-W_TEST_01_Q10-W-30MM-POS-O3D,CP-W_TEST_01_Q10-S-30MM-POS-O3D,0.0005751078768717059,0.0005623362849215055,1.2771591950200408e-05,1.022711662563235,true,true,true,true,false,false,true,true,ASSUMED_METERS_FROM_SCALE
W_TEST_01,Weak,W_TEST_01_Q10,open3d,0.05,-1,CP-W_TEST_01_Q10-W-50MM-NEG-O3D,CP-W_TEST_01_Q10-S-50MM-NEG-O3D,0.0005718382366194322,0.0005720943407115049,-2.5610409207265424e-07,0.9995523394065494,true,true,true,true,false,false,true,true,ASSUMED_METERS_FROM_SCALE
W_TEST_01,Weak,W_TEST_01_Q10,open3d,0.05,1,CP-W_TEST_01_Q10-W-50MM-POS-O3D,CP-W_TEST_01_Q10-S-50MM-POS-O3D,0.0005720942878317011,0.0005607428777437922,1.1351410087908883e-05,1.020243520762283,true,true,true,true,false,false,true,true,ASSUMED_METERS_FROM_SCALE
W_TEST_01,Weak,W_TEST_01_Q10,pcl,0.01,-1,CP-W_TEST_01_Q10-W-10MM-NEG-PCL,CP-W_TEST_01_Q10-S-10MM-NEG-PCL,0.0006357175680042497,0.0006440700772875521,-8.35250928330237e-06,0.9870316762447989,true,true,true,true,false,false,true,true,ASSUMED_METERS_FROM_SCALE
W_TEST_01,Weak,W_TEST_01_Q10,pcl,0.01,1,CP-W_TEST_01_Q10-W-10MM-POS-PCL,CP-W_TEST_01_Q10-S-10MM-POS-PCL,0.0006493440053780338,0.0006481673854571761,1.1766199208576794e-06,1.0018153025703813,true,true,true,true,false,false,true,true,ASSUMED_METERS_FROM_SCALE
W_TEST_01,Weak,W_TEST_01_Q10,pcl,0.03,-1,CP-W_TEST_01_Q10-W-30MM-NEG-PCL,CP-W_TEST_01_Q10-S-30MM-NEG-PCL,0.0006485544485603888,0.0006459814742058957,2.5729743544930864e-06,1.0039830466619124,true,true,true,true,false,false,true,true,ASSUMED_METERS_FROM_SCALE
W_TEST_01,Weak,W_TEST_01_Q10,pcl,0.03,1,CP-W_TEST_01_Q10-W-30MM-POS-PCL,CP-W_TEST_01_Q10-S-30MM-POS-PCL,0.0006528963910316745,0.0006477907429665111,5.105648065163422e-06,1.007881631716104,true,true,true,true,false,false,true,true,ASSUMED_METERS_FROM_SCALE
W_TEST_01,Weak,W_TEST_01_Q10,pcl,0.05,-1,CP-W_TEST_01_Q10-W-50MM-NEG-PCL,CP-W_TEST_01_Q10-S-50MM-NEG-PCL,0.0006354633069974042,0.0006325029240585148,2.9603829388894594e-06,1.0046804256965232,true,true,true,true,false,false,true,true,ASSUMED_METERS_FROM_SCALE
W_TEST_01,Weak,W_TEST_01_Q10,pcl,0.05,1,CP-W_TEST_01_Q10-W-50MM-POS-PCL,CP-W_TEST_01_Q10-S-50MM-POS-PCL,0.0006528347191230351,0.0006479831848414274,4.8515342816077235e-06,1.0074871299056858,true,true,true,true,false,false,true,true,ASSUMED_METERS_FROM_SCALE
