backend,centered_correspondence_turnover,centered_translation_norm_m,scene_id,scene_row_index
OPEN3D_POINT_TO_PLANE,0.1039057391421288,0.000559086834967691,FMB1_R01,1
OPEN3D_POINT_TO_PLANE,0.1129521244892599,0.0003365542682100775,FMB1_R01,2
OPEN3D_POINT_TO_PLANE,0.11416534644432502,0.0011308999801375248,FMB1_R01,3
OPEN3D_POINT_TO_PLANE,0.2121608370599995,-0.000367267939292128,FMB1_R01,4
OPEN3D_POINT_TO_PLANE,0.06318563942508354,0.0008373326709544093,FMB1_R01,5
OPEN3D_POINT_TO_PLANE,0.051141297142423825,-0.00015448097918116906,FMB1_R01,6
OPEN3D_POINT_TO_PLANE,0.05484203692745443,0.000283660045943465,FMB1_R01,7
OPEN3D_POINT_TO_PLANE,0.06092948976063445,0.00015722618714682625,FMB1_R01,8
OPEN3D_POINT_TO_PLANE,0.023858587549405785,0.00039513164773999235,FMB1_R01,9
OPEN3D_POINT_TO_PLANE,0.049012124639167653,0.00021515269419038142,FMB1_R01,10
OPEN3D_POINT_TO_PLANE,-0.004919629732727027,3.6601176638840745e-05,FMB1_R01,11
OPEN3D_POINT_TO_PLANE,-0.0013681377758263946,4.372156978599132e-05,FMB1_R01,12
OPEN3D_POINT_TO_PLANE,0.0013681377758263946,1.0230931601705679e-05,FMB1_R01,13
OPEN3D_POINT_TO_PLANE,-0.001402303262267035,7.929011049833572e-05,FMB1_R01,14
OPEN3D_POINT_TO_PLANE,0.02079907575237122,-0.00013589043869364624,FMB1_R01,15
OPEN3D_POINT_TO_PLANE,0.003353262615147512,-3.268146465483263e-05,FMB1_R01,16
OPEN3D_POINT_TO_PLANE,0.007596561884376241,1.5683043131892215e-05,FMB1_R01,17
OPEN3D_POINT_TO_PLANE,-0.004089498751638165,-4.1603008677275994e-05,FMB1_R01,18
OPEN3D_POINT_TO_PLANE,-0.0040623454537389025,-0.00017539069547394968,FMB1_R01,19
OPEN3D_POINT_TO_PLANE,-0.006123094824424136,-0.0002446467867316892,FMB1_R01,20
OPEN3D_POINT_TO_PLANE,-0.005485677414691026,-0.0003259721630829087,FMB1_R01,21
OPEN3D_POINT_TO_PLANE,-0.010753200878357572,-0.00012865766434260346,FMB1_R01,22
OPEN3D_POINT_TO_PLANE,-0.007467757438267164,-0.00019469379778341871,FMB1_R01,23
OPEN3D_POINT_TO_PLANE,-0.01446793118809625,-0.00012148078380902824,FMB1_R01,24
OPEN3D_POINT_TO_PLANE,-0.019417885618886854,-0.00019008314783638491,FMB1_R01,25
OPEN3D_POINT_TO_PLANE,-0.0020772979979890027,3.281215215393985e-05,FMB1_R01,26
OPEN3D_POINT_TO_PLANE,0.008232706338654527,0.0002988844229445879,FMB1_R01,27
OPEN3D_POINT_TO_PLANE,-0.0020129417933347216,-1.023093160170557e-05,FMB1_R01,28
OPEN3D_POINT_TO_PLANE,-0.002030535941470013,-0.00012716281641824892,FMB1_R01,29
OPEN3D_POINT_TO_PLANE,-0.024273744037242972,-0.000342243092769239,FMB1_R01,30
OPEN3D_POINT_TO_PLANE,0.004931117238171578,0.00013984866411740113,FMB1_R02,1
OPEN3D_POINT_TO_PLANE,-0.0021248409081688346,7.618400366890836e-05,FMB1_R02,2
OPEN3D_POINT_TO_PLANE,0.00020808572446523455,6.576194461106754e-05,FMB1_R02,3
OPEN3D_POINT_TO_PLANE,-0.016922850044048976,-0.00031024729976542205,FMB1_R02,4
OPEN3D_POINT_TO_PLANE,0.003828900541342717,5.938523381801504e-05,FMB1_R02,5
OPEN3D_POINT_TO_PLANE,0.0019472150545774558,7.566113737125275e-05,FMB1_R02,6
OPEN3D_POINT_TO_PLANE,-0.005511340945290322,-5.516261792492931e-05,FMB1_R02,7
OPEN3D_POINT_TO_PLANE,0.007522930770427816,-6.086414208050328e-06,FMB1_R02,8
OPEN3D_POINT_TO_PLANE,-0.0032948851969586967,-0.00010197569774995642,FMB1_R02,9
OPEN3D_POINT_TO_PLANE,0.004385765302765077,-0.0001548844141235017,FMB1_R02,10
OPEN3D_POINT_TO_PLANE,0.005108979331953922,0.00030222827441531874,FMB1_R02,11
OPEN3D_POINT_TO_PLANE,-0.00020808572446523455,-0.0001467409041948161,FMB1_R02,12
OPEN3D_POINT_TO_PLANE,0.008658460369149135,-7.916136465440147e-05,FMB1_R02,13
OPEN3D_POINT_TO_PLANE,-0.007263680336080658,6.086414208050328e-06,FMB1_R02,14
OPEN3D_POINT_TO_PLANE,-0.007529454839056038,-0.00017713114014524347,FMB1_R02,15
OPEN3D_POINT_TO_PLANE,0.004676563167933356,0.0002978908715945109,FMB1_R02,16
OPEN3D_POINT_TO_PLANE,0.019291304910079632,0.0004143933667194693,FMB1_R02,17
OPEN3D_POINT_TO_PLANE,0.02867663256590075,0.00034462261234174057,FMB1_R02,18
OPEN3D_POINT_TO_PLANE,0.030896923009996413,0.00048285282598010997,FMB1_R02,19
OPEN3D_POINT_TO_PLANE,0.04139755466311984,0.00015204853993029975,FMB1_R02,20
OPEN3D_POINT_TO_PLANE,0.002354000021736413,0.00015554893674108323,FMB1_R02,21
OPEN3D_POINT_TO_PLANE,-0.007581747378462234,7.130341127631134e-05,FMB1_R02,22
OPEN3D_POINT_TO_PLANE,-0.014417036853408949,-0.00021659109862056324,FMB1_R02,23
OPEN3D_POINT_TO_PLANE,-0.017481481924225883,-0.00032243385895200697,FMB1_R02,24
OPEN3D_POINT_TO_PLANE,-0.008918565692302483,-0.0001750498315204529,FMB1_R02,25
OPEN3D_POINT_TO_PLANE,-0.003350846861239154,-0.00011895769795205644,FMB1_R02,26
OPEN3D_POINT_TO_PLANE,-0.004781188707767392,-0.00020683449650137997,FMB1_R02,27
OPEN3D_POINT_TO_PLANE,0.012753702437939218,9.327461722231218e-05,FMB1_R02,28
OPEN3D_POINT_TO_PLANE,-0.0176067507425976,-0.0002178325241097852,FMB1_R02,29
OPEN3D_POINT_TO_PLANE,-0.007920217837889487,-0.00012224315416606166,FMB1_R02,30
OPEN3D_POINT_TO_PLANE,-0.024476172105936944,-6.135045388937482e-05,FMB1_R03,1
OPEN3D_POINT_TO_PLANE,-0.01447689768454824,-0.0003706529075984465,FMB1_R03,2
OPEN3D_POINT_TO_PLANE,-0.028499631522012903,-0.00014986444639562997,FMB1_R03,3
OPEN3D_POINT_TO_PLANE,-0.013080273914786555,3.3247354284305264e-05,FMB1_R03,4
OPEN3D_POINT_TO_PLANE,-0.01728640992496605,-0.00022688118782358601,FMB1_R03,5
OPEN3D_POINT_TO_PLANE,-0.03102468896070859,-0.00010993982478469972,FMB1_R03,6
OPEN3D_POINT_TO_PLANE,-0.030325424539592583,-0.00044935337140709355,FMB1_R03,7
OPEN3D_POINT_TO_PLANE,-0.01693524428267207,1.6072208362272753e-06,FMB1_R03,8
OPEN3D_POINT_TO_PLANE,-0.000991421460485531,1.9464069119724662e-05,FMB1_R03,9
OPEN3D_POINT_TO_PLANE,-0.025737638770389648,-0.0003326056397086803,FMB1_R03,10
OPEN3D_POINT_TO_PLANE,0.05067354841417654,0.0003086380882527008,FMB1_R03,11
OPEN3D_POINT_TO_PLANE,-0.010412557044393644,-0.0002241945802896412,FMB1_R03,12
OPEN3D_POINT_TO_PLANE,0.000991421460485531,0.0001042032117495867,FMB1_R03,13
OPEN3D_POINT_TO_PLANE,-0.016368095476325062,-3.3412622277681774e-05,FMB1_R03,14
OPEN3D_POINT_TO_PLANE,-0.011004113211930566,5.0170985612718274e-05,FMB1_R03,15
OPEN3D_POINT_TO_PLANE,0.010168651323758049,0.000526368295386933,FMB1_R03,16
OPEN3D_POINT_TO_PLANE,0.007612277886594854,-1.3149434600168738e-05,FMB1_R03,17
OPEN3D_POINT_TO_PLANE,-0.03531453102989818,-0.00030163200352539653,FMB1_R03,18
OPEN3D_POINT_TO_PLANE,0.0032337610078540524,-1.6072208362272753e-06,FMB1_R03,19
OPEN3D_POINT_TO_PLANE,0.018342044542674796,0.0001334964009724218,FMB1_R03,20
OPEN3D_POINT_TO_PLANE,0.016206429229784602,-0.00014214896506338764,FMB1_R03,21
OPEN3D_POINT_TO_PLANE,0.019815662053937422,8.005715542268852e-05,FMB1_R03,22
OPEN3D_POINT_TO_PLANE,-0.008098301118870499,-0.00032791777294195724,FMB1_R03,23
OPEN3D_POINT_TO_PLANE,0.013768479504619402,-0.00019887250007143815,FMB1_R03,24
OPEN3D_POINT_TO_PLANE,0.0053851848230457855,3.854259776163221e-06,FMB1_R03,25
OPEN3D_POINT_TO_PLANE,0.016779865945353356,8.542855931563918e-05,FMB1_R03,26
OPEN3D_POINT_TO_PLANE,0.032248251881988155,0.00025544615473691945,FMB1_R03,27
OPEN3D_POINT_TO_PLANE,0.030302925164615024,0.0004506977500177116,FMB1_R03,28
OPEN3D_POINT_TO_PLANE,0.018044840553323838,0.00013911179005112254,FMB1_R03,29
OPEN3D_POINT_TO_PLANE,0.021436075037674363,0.0003914489162906422,FMB1_R03,30
OPEN3D_POINT_TO_PLANE,0.007383221962125985,0.00021927961701739395,FMB1_W01,1
OPEN3D_POINT_TO_PLANE,-0.004395775008539438,-0.00016147573674148418,FMB1_W01,2
OPEN3D_POINT_TO_PLANE,0.018335696098584597,0.0003233656218763351,FMB1_W01,3
OPEN3D_POINT_TO_PLANE,0.005920922322982636,0.0003359826993120489,FMB1_W01,4
OPEN3D_POINT_TO_PLANE,0.024292276709933336,0.0002535250237212976,FMB1_W01,5
OPEN3D_POINT_TO_PLANE,0.011014882896887956,-4.6443097624228975e-06,FMB1_W01,6
OPEN3D_POINT_TO_PLANE,-0.0023092669435053614,2.37290246691014e-05,FMB1_W01,7
OPEN3D_POINT_TO_PLANE,-0.011373173750239995,-3.450664132246249e-05,FMB1_W01,8
OPEN3D_POINT_TO_PLANE,-0.016893328008002195,-0.00016804371979928408,FMB1_W01,9
OPEN3D_POINT_TO_PLANE,-0.004774685124388778,-0.00035527725524920185,FMB1_W01,10
OPEN3D_POINT_TO_PLANE,0.02169228316059907,0.0003817283199308351,FMB1_W01,11
OPEN3D_POINT_TO_PLANE,-0.013604503528660772,-0.000145632145411508,FMB1_W01,12
OPEN3D_POINT_TO_PLANE,-0.007317774866446747,-2.678219070526445e-05,FMB1_W01,13
OPEN3D_POINT_TO_PLANE,-0.008023545005376886,5.103375532412467e-05,FMB1_W01,14
OPEN3D_POINT_TO_PLANE,0.0009434657770385768,-0.00024376242292070574,FMB1_W01,15
OPEN3D_POINT_TO_PLANE,0.00445234908683706,0.00012143080111653569,FMB1_W01,16
OPEN3D_POINT_TO_PLANE,0.005901605019803469,0.0002931722859736536,FMB1_W01,17
OPEN3D_POINT_TO_PLANE,-0.016175873381691186,-9.094623820291259e-05,FMB1_W01,18
OPEN3D_POINT_TO_PLANE,-0.021125453825886653,-0.000334152145137835,FMB1_W01,19
OPEN3D_POINT_TO_PLANE,-0.0014965239817213427,-5.172738154213979e-06,FMB1_W01,20
OPEN3D_POINT_TO_PLANE,0.002699455758547298,2.917341440732829e-05,FMB1_W01,21
OPEN3D_POINT_TO_PLANE,0.004149153498904934,0.00026143074677616206,FMB1_W01,22
OPEN3D_POINT_TO_PLANE,5.083211944861832e-05,0.00019974371650350524,FMB1_W01,23
OPEN3D_POINT_TO_PLANE,-0.021469735553954095,-0.00013601816595042111,FMB1_W01,24
OPEN3D_POINT_TO_PLANE,-0.010350521626675657,-0.00013062409260954745,FMB1_W01,25
OPEN3D_POINT_TO_PLANE,0.02145792028032062,0.0006628775643263172,FMB1_W01,26
OPEN3D_POINT_TO_PLANE,0.014948968749312896,0.00047269478598680793,FMB1_W01,27
OPEN3D_POINT_TO_PLANE,0.004535657692737061,-0.0002448819332476068,FMB1_W01,28
OPEN3D_POINT_TO_PLANE,-5.083211944861832e-05,-1.4992339471399797e-05,FMB1_W01,29
OPEN3D_POINT_TO_PLANE,-0.007539280645881663,4.644309762422952e-06,FMB1_W01,30
OPEN3D_POINT_TO_PLANE,0.003279556355830715,0.00018058284194697393,FMB1_W02,1
OPEN3D_POINT_TO_PLANE,-0.004742920159313602,-0.00026131356599008065,FMB1_W02,2
OPEN3D_POINT_TO_PLANE,-0.020015583449761565,-0.00028280288076058504,FMB1_W02,3
OPEN3D_POINT_TO_PLANE,0.007661389194425883,-0.00020743739922808672,FMB1_W02,4
OPEN3D_POINT_TO_PLANE,-0.0011361621684826129,0.00015956371491222072,FMB1_W02,5
OPEN3D_POINT_TO_PLANE,-0.01785455796314822,-0.000317456321255375,FMB1_W02,6
OPEN3D_POINT_TO_PLANE,-0.010386995406597543,-5.582592977088432e-05,FMB1_W02,7
OPEN3D_POINT_TO_PLANE,-0.006884010425646514,-8.840311449766805e-05,FMB1_W02,8
OPEN3D_POINT_TO_PLANE,-0.01129725783826857,-0.00013584960807359604,FMB1_W02,9
OPEN3D_POINT_TO_PLANE,-0.007234564482071104,-0.00012311087140817896,FMB1_W02,10
OPEN3D_POINT_TO_PLANE,0.0011361621684826129,-5.286765086535646e-06,FMB1_W02,11
OPEN3D_POINT_TO_PLANE,0.010079458663570906,0.00017207817378203291,FMB1_W02,12
OPEN3D_POINT_TO_PLANE,-0.0017208094215417913,-2.3977112872205727e-05,FMB1_W02,13
OPEN3D_POINT_TO_PLANE,0.007173438371916363,0.00017479848898409702,FMB1_W02,14
OPEN3D_POINT_TO_PLANE,0.008141389332972204,0.00034430500125714656,FMB1_W02,15
OPEN3D_POINT_TO_PLANE,0.01381676152354433,0.00020077019638316078,FMB1_W02,16
OPEN3D_POINT_TO_PLANE,-0.0027256479354270113,1.8288662293454655e-05,FMB1_W02,17
OPEN3D_POINT_TO_PLANE,0.029391328289966878,0.0005597010672541449,FMB1_W02,18
OPEN3D_POINT_TO_PLANE,0.017021121049245636,0.0003971928307281241,FMB1_W02,19
OPEN3D_POINT_TO_PLANE,-0.00881736817292772,1.697783813332473e-05,FMB1_W02,20
OPEN3D_POINT_TO_PLANE,-0.003404258540868288,-0.00012620410060868814,FMB1_W02,21
OPEN3D_POINT_TO_PLANE,-0.010652355908611744,-5.126187815874026e-05,FMB1_W02,22
OPEN3D_POINT_TO_PLANE,0.0029756285923173142,2.8594780506318272e-05,FMB1_W02,23
OPEN3D_POINT_TO_PLANE,0.012033169194763105,-9.36190339890269e-05,FMB1_W02,24
OPEN3D_POINT_TO_PLANE,0.013261142424946637,0.0002819560891622548,FMB1_W02,25
OPEN3D_POINT_TO_PLANE,0.006300069176343459,5.286765086535538e-06,FMB1_W02,26
OPEN3D_POINT_TO_PLANE,-0.027841671171893345,-0.00040058676058512285,FMB1_W02,27
OPEN3D_POINT_TO_PLANE,0.012514189122599773,0.00021453315082320726,FMB1_W02,28
OPEN3D_POINT_TO_PLANE,0.020337610731520683,0.0005849837206056278,FMB1_W02,29
OPEN3D_POINT_TO_PLANE,-0.01043636493218364,-3.099157722928115e-05,FMB1_W02,30
OPEN3D_POINT_TO_PLANE,0.015103102742004437,0.0001786721512787064,FMB1_W03,1
OPEN3D_POINT_TO_PLANE,-0.0003165488679797157,-2.031910891530167e-07,FMB1_W03,2
OPEN3D_POINT_TO_PLANE,-0.00491027152821133,-0.00010253608948253875,FMB1_W03,3
OPEN3D_POINT_TO_PLANE,-0.0004045523120234096,2.0319108915312512e-07,FMB1_W03,4
OPEN3D_POINT_TO_PLANE,0.010433077004235014,0.0001105729047343266,FMB1_W03,5
OPEN3D_POINT_TO_PLANE,-0.006863739725221141,-0.0002569202791487291,FMB1_W03,6
OPEN3D_POINT_TO_PLANE,0.0012332532025363108,0.0001321417043331814,FMB1_W03,7
OPEN3D_POINT_TO_PLANE,0.022091998872346696,0.00037602106697859415,FMB1_W03,8
OPEN3D_POINT_TO_PLANE,0.02133000253927153,0.0005148022138805619,FMB1_W03,9
OPEN3D_POINT_TO_PLANE,0.009073117847139933,0.00021762259279934195,FMB1_W03,10
OPEN3D_POINT_TO_PLANE,-0.005400660834360638,-0.0001661548936785325,FMB1_W03,11
OPEN3D_POINT_TO_PLANE,0.0003165488679797157,-0.00010077570400580081,FMB1_W03,12
OPEN3D_POINT_TO_PLANE,0.007531981172098967,0.00012981610894282486,FMB1_W03,13
OPEN3D_POINT_TO_PLANE,-0.006090981168087484,-0.00021495350461815964,FMB1_W03,14
OPEN3D_POINT_TO_PLANE,-0.00343900748176007,-8.163266218779049e-05,FMB1_W03,15
OPEN3D_POINT_TO_PLANE,-0.022970118776209802,-0.0003603669621984379,FMB1_W03,16
OPEN3D_POINT_TO_PLANE,-0.013631648348643832,-0.00013654217346114575,FMB1_W03,17
OPEN3D_POINT_TO_PLANE,0.009712527280888339,0.00016932555272946691,FMB1_W03,18
OPEN3D_POINT_TO_PLANE,-0.01657316802548181,-0.0003201787479327372,FMB1_W03,19
OPEN3D_POINT_TO_PLANE,-0.006025942395576855,-0.00012043063800740205,FMB1_W03,20
OPEN3D_POINT_TO_PLANE,-0.0099011626119212,-7.068942049146129e-05,FMB1_W03,21
OPEN3D_POINT_TO_PLANE,-0.004423066276629362,-8.282550579885291e-05,FMB1_W03,22
OPEN3D_POINT_TO_PLANE,0.018304521274293273,0.00017097958095557838,FMB1_W03,23
OPEN3D_POINT_TO_PLANE,-0.007089212635468245,-0.00046383660869138,FMB1_W03,24
OPEN3D_POINT_TO_PLANE,0.003909098991333515,4.8555276442789814e-05,FMB1_W03,25
OPEN3D_POINT_TO_PLANE,0.006711617241223378,3.6170185596176856e-05,FMB1_W03,26
OPEN3D_POINT_TO_PLANE,0.08029511259069988,0.001586390202857193,FMB1_W03,27
OPEN3D_POINT_TO_PLANE,0.015096981000368936,8.648876638804516e-05,FMB1_W03,28
OPEN3D_POINT_TO_PLANE,0.019399746464334622,0.00040997107194973986,FMB1_W03,29
OPEN3D_POINT_TO_PLANE,-0.007374603669894508,-0.00024410852114306196,FMB1_W03,30
PCL_POINT_TO_PLANE,0.13501635993572053,0.0008585204397618916,FMB1_R01,1
PCL_POINT_TO_PLANE,0.10608991513288585,0.0006920401875435791,FMB1_R01,2
PCL_POINT_TO_PLANE,0.13142795014428038,0.0010056881956729056,FMB1_R01,3
PCL_POINT_TO_PLANE,0.16633071934673943,-0.0001065885679930344,FMB1_R01,4
PCL_POINT_TO_PLANE,0.058580103531173766,0.0007490048352127051,FMB1_R01,5
PCL_POINT_TO_PLANE,0.05771565432534259,-0.00017965688708996246,FMB1_R01,6
PCL_POINT_TO_PLANE,0.047703535869418945,0.0003843024762781982,FMB1_R01,7
PCL_POINT_TO_PLANE,0.08312807185706478,7.217637428398875e-05,FMB1_R01,8
PCL_POINT_TO_PLANE,0.03321481912613872,0.0005485673166180142,FMB1_R01,9
PCL_POINT_TO_PLANE,0.05739123904048088,0.00023770819981197577,FMB1_R01,10
PCL_POINT_TO_PLANE,-0.00774925652625541,7.470843231002279e-05,FMB1_R01,11
PCL_POINT_TO_PLANE,-0.0059157812181876435,1.5559021172321225e-05,FMB1_R01,12
PCL_POINT_TO_PLANE,0.0018176011648441404,-9.969449605448004e-06,FMB1_R01,13
PCL_POINT_TO_PLANE,-0.008548464989124926,4.333377542653516e-05,FMB1_R01,14
PCL_POINT_TO_PLANE,0.02347796511633088,-9.080573630947147e-05,FMB1_R01,15
PCL_POINT_TO_PLANE,0.0005162335922583305,3.1290348399133335e-06,FMB1_R01,16
PCL_POINT_TO_PLANE,0.0017654258679281054,4.784687498525031e-05,FMB1_R01,17
PCL_POINT_TO_PLANE,-0.008920240269566115,-3.385545386394963e-06,FMB1_R01,18
PCL_POINT_TO_PLANE,-0.005848565959883756,-0.00016285973842024054,FMB1_R01,19
PCL_POINT_TO_PLANE,-0.009753275669032335,-0.0002090434389326408,FMB1_R01,20
PCL_POINT_TO_PLANE,-0.016698407803639792,-0.00023145443907129177,FMB1_R01,21
PCL_POINT_TO_PLANE,-0.012385892027464152,-0.00013655958071224686,FMB1_R01,22
PCL_POINT_TO_PLANE,-0.00659146356244239,-0.00013922368920712432,FMB1_R01,23
PCL_POINT_TO_PLANE,-0.01476039723282746,-3.801746949802818e-05,FMB1_R01,24
PCL_POINT_TO_PLANE,-0.021990285040873025,-0.0001563320410984594,FMB1_R01,25
PCL_POINT_TO_PLANE,-0.0005162335922583305,0.00010296783610781442,FMB1_R01,26
PCL_POINT_TO_PLANE,0.005530294154073967,0.0003393687679099191,FMB1_R01,27
PCL_POINT_TO_PLANE,-0.0015611083253959657,-3.129034839913225e-06,FMB1_R01,28
PCL_POINT_TO_PLANE,-0.004870583709694454,-0.0001164740431531342,FMB1_R01,29
PCL_POINT_TO_PLANE,-0.026437686324077225,-0.00030873397225315467,FMB1_R01,30
PCL_POINT_TO_PLANE,0.0011932539680494791,5.923718972331086e-05,FMB1_R02,1
PCL_POINT_TO_PLANE,-0.0016750025672117586,6.389794911571028e-05,FMB1_R02,2
PCL_POINT_TO_PLANE,-0.0008827055590910904,5.384994669688681e-05,FMB1_R02,3
PCL_POINT_TO_PLANE,-0.016083208957504924,-0.00031410009325225395,FMB1_R02,4
PCL_POINT_TO_PLANE,0.004803773838990333,4.645414432650493e-05,FMB1_R02,5
PCL_POINT_TO_PLANE,0.0022723370158536094,1.865643617967851e-05,FMB1_R02,6
PCL_POINT_TO_PLANE,-0.004015319958346364,-4.665957612327268e-05,FMB1_R02,7
PCL_POINT_TO_PLANE,0.008874861531979916,-5.847003820222039e-06,FMB1_R02,8
PCL_POINT_TO_PLANE,-0.0010360001215259373,-0.0001070990759104339,FMB1_R02,9
PCL_POINT_TO_PLANE,0.005230239008782389,-0.00017196894266841437,FMB1_R02,10
PCL_POINT_TO_PLANE,0.009598503386091473,0.0003326787508694656,FMB1_R02,11
PCL_POINT_TO_PLANE,-0.0009283604009293622,-0.00015772764221618526,FMB1_R02,12
PCL_POINT_TO_PLANE,0.009761288347010955,-8.540372027758325e-05,FMB1_R02,13
PCL_POINT_TO_PLANE,-0.007071935418627384,5.847003820222039e-06,FMB1_R02,14
PCL_POINT_TO_PLANE,0.0008827055590910904,-0.00015995888253979193,FMB1_R02,15
PCL_POINT_TO_PLANE,0.00642547811234917,0.0002907722038102204,FMB1_R02,16
PCL_POINT_TO_PLANE,0.02014376139197316,0.0004003230494404077,FMB1_R02,17
PCL_POINT_TO_PLANE,0.029902664101745136,0.0003408195205401759,FMB1_R02,18
PCL_POINT_TO_PLANE,0.03174827285965576,0.0005453335413289487,FMB1_R02,19
PCL_POINT_TO_PLANE,0.0347520216321463,0.0001844237765293403,FMB1_R02,20
PCL_POINT_TO_PLANE,0.0038069974357548553,0.00013878087294036905,FMB1_R02,21
PCL_POINT_TO_PLANE,-0.0021234097405252728,9.212899104655105e-05,FMB1_R02,22
PCL_POINT_TO_PLANE,-0.01440040896986039,-0.00023155619202952594,FMB1_R02,23
PCL_POINT_TO_PLANE,-0.016989143486578206,-0.00033898262656857414,FMB1_R02,24
PCL_POINT_TO_PLANE,-0.014686167604000988,-0.00018601333977011732,FMB1_R02,25
PCL_POINT_TO_PLANE,-0.0011736043888604941,-0.00012192336172331348,FMB1_R02,26
PCL_POINT_TO_PLANE,-0.0019953729138866283,-0.00019067844182594926,FMB1_R02,27
PCL_POINT_TO_PLANE,0.017033185632696735,6.909658315786048e-05,FMB1_R02,28
PCL_POINT_TO_PLANE,-0.016625961004190337,-0.0002330483514722434,FMB1_R02,29
PCL_POINT_TO_PLANE,-0.00669753191408462,-0.00015007748852894086,FMB1_R02,30
PCL_POINT_TO_PLANE,-0.021175560697355267,-4.326026587908431e-05,FMB1_R03,1
PCL_POINT_TO_PLANE,-0.011809959488516819,-0.00038495982498078696,FMB1_R03,2
PCL_POINT_TO_PLANE,-0.025367698353904955,-0.00013247445007152719,FMB1_R03,3
PCL_POINT_TO_PLANE,-0.009802131932622138,3.9905900406486585e-05,FMB1_R03,4
PCL_POINT_TO_PLANE,-0.01416515816456465,-0.00019136790027087105,FMB1_R03,5
PCL_POINT_TO_PLANE,-0.028986965541779708,-0.00011066447191863168,FMB1_R03,6
PCL_POINT_TO_PLANE,-0.027657723920823885,-0.00042277919206629866,FMB1_R03,7
PCL_POINT_TO_PLANE,-0.013368717777181516,3.6447641727637174e-06,FMB1_R03,8
PCL_POINT_TO_PLANE,0.0013653295755182704,1.3498034091411035e-05,FMB1_R03,9
PCL_POINT_TO_PLANE,-0.020102313367868274,-0.0002846103569470008,FMB1_R03,10
PCL_POINT_TO_PLANE,0.03439398517689973,8.549242079602015e-05,FMB1_R03,11
PCL_POINT_TO_PLANE,-0.0013437808276828278,-0.00026094447862775563,FMB1_R03,12
PCL_POINT_TO_PLANE,0.0013437808276828278,3.163395836262156e-05,FMB1_R03,13
PCL_POINT_TO_PLANE,-0.01196986060677796,-4.856919655253026e-05,FMB1_R03,14
PCL_POINT_TO_PLANE,0.0037578208423011406,-3.6447641727637174e-06,FMB1_R03,15
PCL_POINT_TO_PLANE,0.015327254511096733,0.0005590209049004184,FMB1_R03,16
PCL_POINT_TO_PLANE,0.003704986366989904,6.621712591129336e-05,FMB1_R03,17
PCL_POINT_TO_PLANE,-0.03235984566804795,-0.00030498061801040164,FMB1_R03,18
PCL_POINT_TO_PLANE,-0.019131155582938875,-0.00010367039967815802,FMB1_R03,19
PCL_POINT_TO_PLANE,0.016901231827054275,0.00013134174412984042,FMB1_R03,20
PCL_POINT_TO_PLANE,0.008588474169464289,-0.0002462153681176541,FMB1_R03,21
PCL_POINT_TO_PLANE,0.01361189352967862,2.1086884777473205e-05,FMB1_R03,22
PCL_POINT_TO_PLANE,-0.004442178076361825,-0.0003112303796336212,FMB1_R03,23
PCL_POINT_TO_PLANE,0.010183415165815113,-0.00021384202032602472,FMB1_R03,24
PCL_POINT_TO_PLANE,-0.0073246331209374516,1.9358896831714713e-05,FMB1_R03,25
PCL_POINT_TO_PLANE,0.015750766797779647,4.959002674209689e-05,FMB1_R03,26
PCL_POINT_TO_PLANE,0.04574363122183667,0.000294077634258232,FMB1_R03,27
PCL_POINT_TO_PLANE,0.02977771212596514,0.0004966425645240621,FMB1_R03,28
PCL_POINT_TO_PLANE,0.015231677148731526,0.0001363055680623351,FMB1_R03,29
PCL_POINT_TO_PLANE,0.016003850531726593,0.0005159679501746039,FMB1_R03,30
PCL_POINT_TO_PLANE,0.011681097496408333,0.000215260521293263,FMB1_W01,1
PCL_POINT_TO_PLANE,0.0006521367239052944,-9.257751548506966e-05,FMB1_W01,2
PCL_POINT_TO_PLANE,0.02217923272236,0.00037933076328173663,FMB1_W01,3
PCL_POINT_TO_PLANE,0.006821993544011029,0.0003240623184348233,FMB1_W01,4
PCL_POINT_TO_PLANE,0.026376416359598642,0.0003472123059309691,FMB1_W01,5
PCL_POINT_TO_PLANE,0.008766884891738047,1.3787172419427445e-05,FMB1_W01,6
PCL_POINT_TO_PLANE,-0.004731530008447504,-7.151061757538688e-05,FMB1_W01,7
PCL_POINT_TO_PLANE,-0.015566807597274024,-0.00010805741521869753,FMB1_W01,8
PCL_POINT_TO_PLANE,-0.013850879166532604,-0.00013660084155159096,FMB1_W01,9
PCL_POINT_TO_PLANE,-0.0036371942168472726,-0.000362465288688477,FMB1_W01,10
PCL_POINT_TO_PLANE,0.015038417623394196,8.672557668325915e-05,FMB1_W01,11
PCL_POINT_TO_PLANE,-0.016036868160333007,-0.00013805725011836007,FMB1_W01,12
PCL_POINT_TO_PLANE,-0.0014387162846550838,0.0001809614123069104,FMB1_W01,13
PCL_POINT_TO_PLANE,-0.013820506360310625,-3.420955105632763e-05,FMB1_W01,14
PCL_POINT_TO_PLANE,-0.0006521367239052944,-0.00026811155267750833,FMB1_W01,15
PCL_POINT_TO_PLANE,0.00606459048556196,-4.109459827415915e-06,FMB1_W01,16
PCL_POINT_TO_PLANE,-0.0014892150696192985,-0.0001067489123490116,FMB1_W01,17
PCL_POINT_TO_PLANE,-0.005744446714061269,-2.6867770350244124e-05,FMB1_W01,18
PCL_POINT_TO_PLANE,-0.01783207794650321,-0.000409485748737887,FMB1_W01,19
PCL_POINT_TO_PLANE,0.017628809431646464,0.0002722747323947815,FMB1_W01,20
PCL_POINT_TO_PLANE,0.004783595408212604,3.493030861044467e-05,FMB1_W01,21
PCL_POINT_TO_PLANE,0.008164966474262902,0.0003478505204952239,FMB1_W01,22
PCL_POINT_TO_PLANE,0.0012846856844253018,0.00017759992743191975,FMB1_W01,23
PCL_POINT_TO_PLANE,-0.012968477577914306,-0.00010212648299693224,FMB1_W01,24
PCL_POINT_TO_PLANE,-0.009482397113806162,-0.00012344221912555508,FMB1_W01,25
PCL_POINT_TO_PLANE,0.022225860601720937,0.0005393093777168282,FMB1_W01,26
PCL_POINT_TO_PLANE,0.014161330527455052,0.00040997280832670655,FMB1_W01,27
PCL_POINT_TO_PLANE,-0.003219886159086971,-0.0002721246357814413,FMB1_W01,28
PCL_POINT_TO_PLANE,0.0025207198695043065,9.613332504425907e-06,FMB1_W01,29
PCL_POINT_TO_PLANE,-0.00840470759070322,4.109459827415969e-06,FMB1_W01,30
PCL_POINT_TO_PLANE,0.00570562209058717,0.00020929999597562535,FMB1_W02,1
PCL_POINT_TO_PLANE,-0.002186819210000801,-0.0002708740976363296,FMB1_W02,2
PCL_POINT_TO_PLANE,-0.022416328436354827,-0.0003600369245097228,FMB1_W02,3
PCL_POINT_TO_PLANE,0.007914403320351482,-0.00021219585042418445,FMB1_W02,4
PCL_POINT_TO_PLANE,-0.00041253511243727337,0.00017469731636749776,FMB1_W02,5
PCL_POINT_TO_PLANE,-0.015167502828133339,-0.0003312886360434966,FMB1_W02,6
PCL_POINT_TO_PLANE,-0.008567571280983566,-1.8472989517653534e-05,FMB1_W02,7
PCL_POINT_TO_PLANE,-0.0075187304957402,-0.00015698652716720227,FMB1_W02,8
PCL_POINT_TO_PLANE,-0.00935386808386246,-0.00012442403930190915,FMB1_W02,9
PCL_POINT_TO_PLANE,-0.0023370654138196723,-3.3373920787605946e-05,FMB1_W02,10
PCL_POINT_TO_PLANE,-0.0009928136689194011,-6.922243404144604e-05,FMB1_W02,11
PCL_POINT_TO_PLANE,0.012631061619323203,0.00015409227688471696,FMB1_W02,12
PCL_POINT_TO_PLANE,0.0009547010447221171,1.2537448465416894e-05,FMB1_W02,13
PCL_POINT_TO_PLANE,0.0038985529584412704,0.00010024081990821449,FMB1_W02,14
PCL_POINT_TO_PLANE,0.011300067001644265,0.0003870615445562333,FMB1_W02,15
PCL_POINT_TO_PLANE,0.015639908634891564,0.00017085188371083234,FMB1_W02,16
PCL_POINT_TO_PLANE,-0.0016339814386815976,4.954783359611709e-06,FMB1_W02,17
PCL_POINT_TO_PLANE,0.03323527495497419,0.0006062065129249376,FMB1_W02,18
PCL_POINT_TO_PLANE,0.018001478585858044,0.00040199543120505684,FMB1_W02,19
PCL_POINT_TO_PLANE,-0.007494950970655945,5.770546059869733e-06,FMB1_W02,20
PCL_POINT_TO_PLANE,-0.004268688785479757,-0.0001333665503182963,FMB1_W02,21
PCL_POINT_TO_PLANE,-0.007367391484990937,-4.954783359611709e-06,FMB1_W02,22
PCL_POINT_TO_PLANE,0.026703180386053627,0.0005462242673640723,FMB1_W02,23
PCL_POINT_TO_PLANE,0.01457581018698989,-7.082125698316526e-05,FMB1_W02,24
PCL_POINT_TO_PLANE,0.018553500814496637,0.00035663265589041344,FMB1_W02,25
PCL_POINT_TO_PLANE,0.00041253511243727337,-0.00013994962638754676,FMB1_W02,26
PCL_POINT_TO_PLANE,-0.026273182648109683,-0.00039993633572525623,FMB1_W02,27
PCL_POINT_TO_PLANE,0.014695991091635496,0.00026923805896604286,FMB1_W02,28
PCL_POINT_TO_PLANE,0.011222379689928508,0.00037474629963818614,FMB1_W02,29
PCL_POINT_TO_PLANE,-0.010086564240385731,-2.9348138215778074e-05,FMB1_W02,30
PCL_POINT_TO_PLANE,0.02513643659546788,0.00043349519864277453,FMB1_W03,1
PCL_POINT_TO_PLANE,-0.002164570557351808,-3.0332961132786525e-05,FMB1_W03,2
PCL_POINT_TO_PLANE,-0.009925221508417292,-0.0001875661849256022,FMB1_W03,3
PCL_POINT_TO_PLANE,0.0011457418693945898,1.6405374067201628e-05,FMB1_W03,4
PCL_POINT_TO_PLANE,0.00883493153885867,9.486139368140747e-05,FMB1_W03,5
PCL_POINT_TO_PLANE,-0.0028112485472615023,-0.00017937443967034803,FMB1_W03,6
PCL_POINT_TO_PLANE,0.00014080136959065959,0.0001099454915074752,FMB1_W03,7
PCL_POINT_TO_PLANE,0.02075242612885947,0.0003545125957880427,FMB1_W03,8
PCL_POINT_TO_PLANE,0.021604745852146945,0.00046456583824978687,FMB1_W03,9
PCL_POINT_TO_PLANE,0.009483313825054573,0.00021088585505804776,FMB1_W03,10
PCL_POINT_TO_PLANE,-0.004869527592391398,-0.0001886058045990959,FMB1_W03,11
PCL_POINT_TO_PLANE,-0.00521574760690674,-0.0001623899536697548,FMB1_W03,12
PCL_POINT_TO_PLANE,0.005584462078203789,8.422035359998618e-05,FMB1_W03,13
PCL_POINT_TO_PLANE,-0.00468043875279317,-0.00026760782625467135,FMB1_W03,14
PCL_POINT_TO_PLANE,-0.004778139838257089,-0.00010633231778363025,FMB1_W03,15
PCL_POINT_TO_PLANE,-0.021565269823377753,-0.00036018745640056663,FMB1_W03,16
PCL_POINT_TO_PLANE,-0.013122714239766464,-0.00014008803110166044,FMB1_W03,17
PCL_POINT_TO_PLANE,0.006091117972340132,8.907582567532519e-05,FMB1_W03,18
PCL_POINT_TO_PLANE,-0.01829486434158084,-0.00036256591895869334,FMB1_W03,19
PCL_POINT_TO_PLANE,-0.006873815928548022,-0.00013544222089767444,FMB1_W03,20
PCL_POINT_TO_PLANE,-0.017491264477769553,-0.0002566874365765408,FMB1_W03,21
PCL_POINT_TO_PLANE,0.002627995561887919,6.005891414649948e-05,FMB1_W03,22
PCL_POINT_TO_PLANE,0.020110332154822996,0.00020065913051164387,FMB1_W03,23
PCL_POINT_TO_PLANE,-0.008673994426593279,-0.0005015937038027693,FMB1_W03,24
PCL_POINT_TO_PLANE,-0.00014080136959065959,-1.6405374067201628e-05,FMB1_W03,25
PCL_POINT_TO_PLANE,0.012340373500698443,2.9247574672808512e-05,FMB1_W03,26
PCL_POINT_TO_PLANE,0.0779532118988186,0.0015521606743048462,FMB1_W03,27
PCL_POINT_TO_PLANE,0.013639171481613921,5.9980820556363476e-05,FMB1_W03,28
PCL_POINT_TO_PLANE,0.014069341272946845,0.0003331084988044561,FMB1_W03,29
PCL_POINT_TO_PLANE,-0.011955771644540703,-0.000361356570109074,FMB1_W03,30
