backend,denominator,finite_vector_n,mean_vector,planned_n,scene_id,station_id,status,systematic_fraction
OPEN3D_POINT_TO_PLANE,0.0008852226675882113,10,"[0.00034602812200371926, 0.0004191485983019375, 0.00044381619248322856]",10,FMB1_R01,S01,SYSTEMATIC_FRACTION_DEFINED_COMPLETE_10_VECTORS,0.7926907148513378
OPEN3D_POINT_TO_PLANE,0.0005014245702490413,10,"[-0.00033034292481529007, -0.00014817473599651752, -0.00012908264109553707]",10,FMB1_R01,S02,SYSTEMATIC_FRACTION_DEFINED_COMPLETE_10_VECTORS,0.7665669524045249
OPEN3D_POINT_TO_PLANE,0.0004350103442520033,10,"[0.00022820830912550412, -1.4844546182922002e-05, -0.00018150379982594442]",10,FMB1_R01,S03,SYSTEMATIC_FRACTION_DEFINED_COMPLETE_10_VECTORS,0.6711658259501029
OPEN3D_POINT_TO_PLANE,0.00035046062502138906,10,"[-3.672000671718392e-05, 6.821727700778391e-05, 2.7784533039344414e-05]",10,FMB1_R02,S01,SYSTEMATIC_FRACTION_DEFINED_COMPLETE_10_VECTORS,0.2348449983002799
OPEN3D_POINT_TO_PLANE,0.0005313211206594144,10,"[-8.294540320591052e-06, -2.660514400881612e-06, 0.00040731936602309986]",10,FMB1_R02,S02,SYSTEMATIC_FRACTION_DEFINED_COMPLETE_10_VECTORS,0.7667914606417501
OPEN3D_POINT_TO_PLANE,0.0002656306013816507,10,"[0.00010326676437183258, -3.2605129724132366e-05, -2.6061487695865338e-05]",10,FMB1_R02,S03,SYSTEMATIC_FRACTION_DEFINED_COMPLETE_10_VECTORS,0.41931788663705827
OPEN3D_POINT_TO_PLANE,0.0004680235245500643,10,"[-0.00018448187056911773, -0.00011533032554605464, -0.0001252527830415745]",10,FMB1_R03,S01,SYSTEMATIC_FRACTION_DEFINED_COMPLETE_10_VECTORS,0.5363910507522597
OPEN3D_POINT_TO_PLANE,0.0006875445553313141,10,"[-0.000247774495245676, -1.7769128705017264e-05, -0.00033813801470259535]",10,FMB1_R03,S02,SYSTEMATIC_FRACTION_DEFINED_COMPLETE_10_VECTORS,0.6102549631109737
OPEN3D_POINT_TO_PLANE,0.0007063669780402001,10,"[-0.0005328393582832954, -0.0001011771241010404, 6.693836416188934e-06]",10,FMB1_R03,S03,SYSTEMATIC_FRACTION_DEFINED_COMPLETE_10_VECTORS,0.7678749549628265
OPEN3D_POINT_TO_PLANE,0.0005188340379569141,10,"[0.00043704633303492355, -0.00013980828625102579, 0.00010045882513752446]",10,FMB1_W01,S01,SYSTEMATIC_FRACTION_DEFINED_COMPLETE_10_VECTORS,0.9053601397065129
OPEN3D_POINT_TO_PLANE,0.0004757323337660528,10,"[0.00020453763786027734, -6.328117361906481e-05, 3.550664499155223e-05]",10,FMB1_W01,S02,SYSTEMATIC_FRACTION_DEFINED_COMPLETE_10_VECTORS,0.4561963576794143
OPEN3D_POINT_TO_PLANE,0.0005860454062331388,10,"[-0.00016519552463640648, -9.706784067403013e-05, 1.1386597265671949e-05]",10,FMB1_W01,S03,SYSTEMATIC_FRACTION_DEFINED_COMPLETE_10_VECTORS,0.3275191426610116
OPEN3D_POINT_TO_PLANE,0.0004063400313358897,10,"[0.000228377107826569, -3.4684266608009536e-05, -6.076035068053414e-05]",10,FMB1_W02,S01,SYSTEMATIC_FRACTION_DEFINED_COMPLETE_10_VECTORS,0.5878164339610097
OPEN3D_POINT_TO_PLANE,0.0007050301828340903,10,"[0.00040155740115068405, 2.2911465581294395e-05, 0.0001704401679705007]",10,FMB1_W02,S02,SYSTEMATIC_FRACTION_DEFINED_COMPLETE_10_VECTORS,0.6195948518758105
OPEN3D_POINT_TO_PLANE,0.0005608144603097241,10,"[-0.00040287360995366255, 8.855455366043733e-05, -0.00015262209129890552]",10,FMB1_W02,S03,SYSTEMATIC_FRACTION_DEFINED_COMPLETE_10_VECTORS,0.7842541207576498
OPEN3D_POINT_TO_PLANE,0.0007743747293227994,10,"[4.391881484361749e-05, 3.98218128599577e-05, 0.00021189596832762048]",10,FMB1_W03,S01,SYSTEMATIC_FRACTION_DEFINED_COMPLETE_10_VECTORS,0.28414285191620536
OPEN3D_POINT_TO_PLANE,0.0005371477403436834,10,"[-0.00011038654548778191, 0.00010516073313018812, 0.00018177402865241236]",10,FMB1_W03,S02,SYSTEMATIC_FRACTION_DEFINED_COMPLETE_10_VECTORS,0.4416777686212429
OPEN3D_POINT_TO_PLANE,0.0008050466055919315,10,"[-1.0137751028480486e-05, -7.641524815748979e-05, 0.0002877786293925159]",10,FMB1_W03,S03,SYSTEMATIC_FRACTION_DEFINED_COMPLETE_10_VECTORS,0.37007027900612177
PCL_POINT_TO_PLANE,0.0009411262911573294,10,"[0.0003233609786548186, 0.0004887181465164758, 0.0005246344968327321]",10,FMB1_R01,S01,SYSTEMATIC_FRACTION_DEFINED_COMPLETE_10_VECTORS,0.8357459647284929
PCL_POINT_TO_PLANE,0.0004858013571552881,10,"[-0.00033749690192053095, -0.00013863257790944772, -0.0001144286570706754]",10,FMB1_R01,S02,SYSTEMATIC_FRACTION_DEFINED_COMPLETE_10_VECTORS,0.7871188477539678
PCL_POINT_TO_PLANE,0.00044619126756574145,10,"[0.00024551910610171035, -9.553691415931099e-06, -0.00019385758041607916]",10,FMB1_R01,S03,SYSTEMATIC_FRACTION_DEFINED_COMPLETE_10_VECTORS,0.7014308243445786
PCL_POINT_TO_PLANE,0.0003407742502215441,10,"[-3.326949554320891e-05, 6.75348379445495e-05, 3.2145741715794426e-05]",10,FMB1_R02,S01,SYSTEMATIC_FRACTION_DEFINED_COMPLETE_10_VECTORS,0.24021952282390868
PCL_POINT_TO_PLANE,0.0005508429129253166,10,"[3.0825223802821712e-06, -7.074952736729756e-06, 0.00041188017712556757]",10,FMB1_R02,S02,SYSTEMATIC_FRACTION_DEFINED_COMPLETE_10_VECTORS,0.7478583456981566
PCL_POINT_TO_PLANE,0.0002659048173174062,10,"[0.00010585143536445685, -3.22131593748054e-05, -3.5660969297168775e-05]",10,FMB1_R02,S03,SYSTEMATIC_FRACTION_DEFINED_COMPLETE_10_VECTORS,0.43718418806757214
PCL_POINT_TO_PLANE,0.0004748117336265691,10,"[-0.00019016721189473172, -0.0001223980259055679, -0.00011964026125497185]",10,FMB1_R03,S01,SYSTEMATIC_FRACTION_DEFINED_COMPLETE_10_VECTORS,0.5388427419006424
PCL_POINT_TO_PLANE,0.0006413081796787814,10,"[-0.00025895261169353037, -8.192643235815922e-07, -0.0003301014559838222]",10,FMB1_R03,S02,SYSTEMATIC_FRACTION_DEFINED_COMPLETE_10_VECTORS,0.6542131719313041
PCL_POINT_TO_PLANE,0.0007022926857022449,10,"[-0.0005308205261826515, -7.507024492952042e-05, 3.126830397377489e-05]",10,FMB1_R03,S03,SYSTEMATIC_FRACTION_DEFINED_COMPLETE_10_VECTORS,0.7646579251708213
PCL_POINT_TO_PLANE,0.000512785160195716,10,"[0.00042531617800705134, -0.00013197432526794727, 9.141537557297852e-05]",10,FMB1_W01,S01,SYSTEMATIC_FRACTION_DEFINED_COMPLETE_10_VECTORS,0.8865454531678065
PCL_POINT_TO_PLANE,0.00041717816753843596,10,"[8.543741605535616e-05, -3.367846534274577e-05, 1.9771329243667422e-05]",10,FMB1_W01,S02,SYSTEMATIC_FRACTION_DEFINED_COMPLETE_10_VECTORS,0.22517922397508044
PCL_POINT_TO_PLANE,0.0005645102596125199,10,"[-0.0001409518918080721, -9.323221165686846e-05, 3.4287646212760595e-05]",10,FMB1_W01,S03,SYSTEMATIC_FRACTION_DEFINED_COMPLETE_10_VECTORS,0.30546713842395806
PCL_POINT_TO_PLANE,0.00039166897229590044,10,"[0.00023177574439614546, -3.364934784713114e-05, -5.3134251038500226e-05]",10,FMB1_W02,S01,SYSTEMATIC_FRACTION_DEFINED_COMPLETE_10_VECTORS,0.6131639340696259
PCL_POINT_TO_PLANE,0.0006814834209037429,10,"[0.0003808166628004983, 2.019385719904676e-05, 0.00016570585648878478]",10,FMB1_W02,S02,SYSTEMATIC_FRACTION_DEFINED_COMPLETE_10_VECTORS,0.6101358860847377
PCL_POINT_TO_PLANE,0.0005808809986873046,10,"[-0.00042822362956940196, 8.953698736604565e-05, -0.00015038099445519038]",10,FMB1_W02,S03,SYSTEMATIC_FRACTION_DEFINED_COMPLETE_10_VECTORS,0.7963914861973741
PCL_POINT_TO_PLANE,0.0008107304047057394,10,"[0.00011911582987522706, 3.97144884118461e-05, 0.00021393855786300264]",10,FMB1_W03,S01,SYSTEMATIC_FRACTION_DEFINED_COMPLETE_10_VECTORS,0.30597539582525174
PCL_POINT_TO_PLANE,0.0005269982535400959,10,"[-0.00013762366370428936, 8.974749725894071e-05, 0.00017152586733573116]",10,FMB1_W03,S02,SYSTEMATIC_FRACTION_DEFINED_COMPLETE_10_VECTORS,0.4507046148373048
PCL_POINT_TO_PLANE,0.0007919078414232427,10,"[-3.5228558408562095e-05, -7.511094495384895e-05, 0.00026681198323785793]",10,FMB1_W03,S03,SYSTEMATIC_FRACTION_DEFINED_COMPLETE_10_VECTORS,0.3528346049395289
